Age,Gender,Year In School,Major,Monthly Income,Financial Aid,Tuition,Housing,Food,Transportation,Books & Supplies,Entertainment,Personal Care,Technology,Health & Wellness,Miscellaneous,Preferred Payment Method
19,Non-binary,Freshman,Psychology,958,270,5939,709,296,123,188,41,78,134,127,72,Credit/Debit Card
24,Female,Junior,Economics,1006,875,4908,557,365,85,252,74,92,226,129,68,Credit/Debit Card
24,Non-binary,Junior,Economics,734,928,3051,666,220,137,99,130,23,239,112,133,Cash
23,Female,Senior,Computer Science,617,265,4935,652,289,114,223,99,30,163,105,55,Mobile Payment App
20,Female,Senior,Computer Science,810,522,3887,825,372,168,194,48,71,88,71,104,Credit/Debit Card
25,Non-binary,Sophomore,Computer Science,523,790,3151,413,386,122,131,73,38,234,108,99,Mobile Payment App
23,Female,Freshman,Engineering,1354,69,4973,812,398,101,213,21,38,157,117,48,Credit/Debit Card
23,Female,Junior,Economics,631,748,3966,571,269,92,251,37,90,152,56,62,Mobile Payment App
22,Non-binary,Senior,Computer Science,1402,248,5638,599,354,82,155,123,41,162,172,194,Credit/Debit Card
18,Female,Junior,Computer Science,1423,74,3977,626,249,117,123,51,74,243,34,196,Mobile Payment App
23,Male,Junior,Biology,762,615,4093,660,262,58,183,98,21,274,66,50,Credit/Debit Card
25,Male,Freshman,Engineering,1068,19,5138,734,243,200,228,57,57,209,193,146,Credit/Debit Card
21,Male,Sophomore,Economics,719,540,4863,894,280,120,126,41,50,78,113,114,Credit/Debit Card
19,Female,Junior,Biology,1176,859,5201,626,234,50,274,20,77,125,199,103,Mobile Payment App
24,Non-binary,Freshman,Economics,1496,75,5301,657,151,63,92,124,64,196,50,117,Cash
22,Non-binary,Sophomore,Computer Science,1227,26,4175,884,328,167,175,111,96,73,154,109,Cash
23,Female,Freshman,Psychology,1419,237,5450,883,361,200,141,76,22,285,185,76,Cash
21,Female,Freshman,Computer Science,1454,851,3538,754,357,110,188,33,24,50,74,46,Mobile Payment App
19,Female,Sophomore,Psychology,1487,311,4401,883,292,69,51,75,60,105,181,164,Credit/Debit Card
20,Female,Senior,Engineering,1157,401,3131,886,196,131,216,57,39,264,39,174,Mobile Payment App
19,Male,Junior,Psychology,1180,732,4206,597,254,195,67,51,21,97,185,46,Credit/Debit Card
24,Male,Sophomore,Computer Science,516,549,4878,814,286,180,282,55,25,77,73,184,Mobile Payment App
18,Non-binary,Sophomore,Biology,1225,610,4998,473,159,134,294,37,86,159,60,43,Cash
24,Non-binary,Senior,Economics,582,285,4210,421,348,138,143,62,85,218,113,60,Credit/Debit Card
19,Female,Senior,Economics,1062,56,4500,731,238,103,76,111,95,238,74,83,Mobile Payment App
25,Female,Junior,Biology,1054,528,5486,789,400,81,211,95,74,237,140,136,Mobile Payment App
20,Male,Senior,Economics,667,690,3541,762,173,185,288,53,38,84,159,137,Credit/Debit Card
20,Female,Junior,Psychology,796,705,5616,664,291,179,260,127,21,113,194,80,Credit/Debit Card
24,Non-binary,Sophomore,Psychology,905,671,4156,444,163,131,141,132,31,156,95,128,Credit/Debit Card
23,Non-binary,Junior,Engineering,531,448,3099,742,394,179,95,64,62,73,104,173,Mobile Payment App
23,Non-binary,Freshman,Economics,1426,3,5943,677,296,110,137,146,21,155,105,26,Mobile Payment App
23,Male,Sophomore,Psychology,1465,302,5417,468,113,190,134,119,82,276,165,191,Mobile Payment App
24,Non-binary,Junior,Computer Science,522,555,5236,860,169,133,147,123,48,138,89,150,Credit/Debit Card
25,Female,Freshman,Economics,1338,110,5615,468,325,158,244,98,46,231,183,80,Cash
23,Male,Junior,Biology,1363,365,3222,695,185,166,99,116,68,77,31,161,Mobile Payment App
21,Male,Freshman,Biology,1328,320,3090,718,254,93,204,74,30,228,60,179,Cash
22,Male,Sophomore,Engineering,1350,675,3931,462,372,147,282,149,92,269,105,190,Cash
23,Non-binary,Senior,Computer Science,1309,265,5160,600,178,148,186,88,78,242,54,172,Cash
21,Female,Senior,Biology,965,251,5344,695,249,88,249,49,29,298,96,31,Cash
20,Female,Senior,Engineering,600,392,5733,791,309,178,67,22,29,142,74,105,Mobile Payment App
24,Female,Freshman,Engineering,605,118,5696,653,165,189,151,86,82,117,83,156,Mobile Payment App
25,Male,Sophomore,Economics,804,140,5332,517,289,147,153,125,43,159,44,127,Cash
23,Female,Sophomore,Economics,1274,449,4639,755,137,55,249,103,50,176,67,175,Cash
23,Male,Junior,Psychology,509,942,3958,511,391,192,264,57,85,108,115,141,Credit/Debit Card
23,Female,Senior,Economics,1285,881,3823,740,253,182,230,32,92,118,34,39,Credit/Debit Card
18,Male,Freshman,Computer Science,929,348,3854,590,204,196,183,129,80,163,116,55,Credit/Debit Card
25,Non-binary,Freshman,Psychology,1163,235,4951,549,261,86,185,102,21,252,31,88,Cash
19,Male,Senior,Psychology,1195,745,5269,920,167,57,88,113,60,242,35,106,Mobile Payment App
25,Male,Junior,Psychology,1036,260,4141,918,122,86,105,62,88,90,169,137,Cash
24,Female,Junior,Economics,588,211,4875,604,163,101,198,89,23,128,62,42,Mobile Payment App
20,Female,Junior,Engineering,1377,723,5414,786,355,137,187,45,90,145,200,27,Cash
21,Non-binary,Freshman,Economics,1451,479,5481,661,140,67,128,31,48,293,37,128,Credit/Debit Card
19,Male,Senior,Computer Science,669,660,3823,837,193,115,75,121,65,150,96,58,Cash
18,Male,Freshman,Psychology,1294,818,4079,806,115,97,71,24,31,79,107,63,Mobile Payment App
24,Non-binary,Senior,Engineering,941,90,3688,963,372,197,146,32,86,109,45,198,Mobile Payment App
22,Female,Sophomore,Engineering,1131,312,4244,926,339,142,237,145,93,121,91,158,Cash
24,Non-binary,Freshman,Computer Science,854,700,4824,525,223,145,133,47,91,294,191,170,Cash
20,Male,Sophomore,Economics,1158,653,3017,960,216,193,299,40,61,263,55,141,Mobile Payment App
25,Non-binary,Sophomore,Biology,668,50,3650,466,377,161,221,60,80,180,142,86,Mobile Payment App
20,Female,Junior,Biology,695,970,4694,626,304,104,200,47,71,223,93,191,Mobile Payment App
20,Male,Junior,Engineering,1375,722,5389,416,132,193,149,67,27,261,46,43,Mobile Payment App
23,Female,Junior,Engineering,1084,315,5205,721,230,76,141,86,34,187,159,144,Mobile Payment App
18,Female,Senior,Biology,733,838,5248,977,298,164,241,85,78,281,121,168,Cash
20,Non-binary,Freshman,Economics,1061,989,5194,464,370,58,77,135,34,124,40,171,Mobile Payment App
19,Female,Junior,Computer Science,1352,13,3403,477,144,82,190,109,84,81,56,80,Mobile Payment App
19,Male,Freshman,Biology,1092,550,5841,916,150,143,257,90,29,262,192,177,Mobile Payment App
24,Male,Freshman,Economics,963,367,3830,883,260,79,139,135,64,54,81,74,Mobile Payment App
21,Female,Junior,Engineering,1204,121,4261,488,283,111,287,115,56,230,85,24,Credit/Debit Card
23,Male,Senior,Engineering,1184,104,5380,940,115,185,171,58,45,111,30,169,Mobile Payment App
22,Male,Junior,Economics,562,728,4560,986,306,105,109,90,99,187,195,34,Mobile Payment App
19,Male,Freshman,Economics,1218,878,4643,451,234,169,240,105,21,238,101,38,Mobile Payment App
21,Non-binary,Sophomore,Computer Science,1235,805,5442,745,390,150,228,96,80,104,35,131,Cash
23,Non-binary,Sophomore,Economics,1424,367,3220,684,328,118,91,143,88,98,159,54,Cash
22,Female,Freshman,Biology,1176,804,4272,861,305,97,106,103,43,185,104,67,Mobile Payment App
25,Female,Sophomore,Engineering,1334,81,3986,873,180,186,236,23,61,88,87,33,Credit/Debit Card
19,Female,Senior,Computer Science,1442,354,5371,733,153,166,105,29,80,86,137,109,Cash
22,Male,Sophomore,Computer Science,983,862,5650,648,159,128,259,124,97,96,150,134,Cash
24,Female,Sophomore,Computer Science,914,24,4881,564,149,55,61,129,79,180,94,33,Credit/Debit Card
22,Non-binary,Senior,Economics,898,155,5428,868,175,129,148,114,74,196,104,77,Cash
23,Non-binary,Junior,Economics,1164,357,5212,631,331,125,199,115,48,130,107,196,Cash
18,Female,Freshman,Biology,1484,594,4636,518,299,74,55,104,87,122,171,193,Mobile Payment App
19,Female,Junior,Biology,1127,850,5104,623,385,94,193,29,57,259,113,31,Mobile Payment App
24,Non-binary,Senior,Biology,1105,671,5501,841,235,164,109,144,100,252,198,36,Cash
19,Male,Freshman,Computer Science,1351,156,4529,678,186,178,75,34,95,97,140,75,Mobile Payment App
22,Female,Freshman,Biology,930,768,3050,490,349,54,174,80,51,278,143,41,Mobile Payment App
25,Non-binary,Senior,Computer Science,1346,932,5683,718,376,152,156,94,81,220,145,83,Credit/Debit Card
25,Non-binary,Sophomore,Computer Science,1240,44,3901,618,315,177,180,41,63,247,112,138,Credit/Debit Card
25,Female,Junior,Computer Science,727,143,4051,840,269,119,121,132,40,173,198,125,Credit/Debit Card
20,Female,Junior,Economics,622,959,4707,431,234,184,264,54,84,295,162,177,Mobile Payment App
23,Male,Sophomore,Economics,800,933,5304,421,144,97,51,103,66,247,183,92,Credit/Debit Card
18,Non-binary,Junior,Psychology,1199,516,5959,778,260,82,238,74,82,149,126,62,Credit/Debit Card
19,Male,Senior,Economics,1006,392,3526,411,357,109,268,107,94,65,138,145,Cash
23,Non-binary,Sophomore,Economics,1295,903,4423,791,397,144,64,59,79,187,189,113,Mobile Payment App
18,Male,Sophomore,Economics,1222,625,4236,862,127,180,63,91,90,191,87,122,Mobile Payment App
18,Female,Senior,Computer Science,1384,800,4822,809,237,174,85,21,72,130,185,104,Credit/Debit Card
18,Female,Junior,Engineering,1035,513,3367,760,182,57,95,119,21,166,149,119,Credit/Debit Card
20,Male,Freshman,Economics,1395,723,5126,551,258,130,81,102,84,234,172,78,Credit/Debit Card
18,Non-binary,Sophomore,Biology,767,457,5096,780,331,200,115,89,27,265,175,158,Credit/Debit Card
24,Female,Senior,Biology,933,452,4706,787,166,136,106,112,63,270,86,29,Cash
23,Male,Junior,Psychology,803,796,3471,931,293,54,146,142,58,84,104,41,Mobile Payment App
22,Male,Sophomore,Psychology,1333,231,3300,971,295,51,219,91,94,259,161,50,Cash
23,Female,Senior,Psychology,1115,437,5317,818,341,136,116,115,22,56,38,106,Mobile Payment App
20,Female,Sophomore,Psychology,920,149,3366,636,295,143,77,120,96,137,162,178,Cash
25,Male,Junior,Psychology,780,95,5931,759,216,99,251,20,38,192,105,97,Cash
21,Female,Junior,Psychology,882,912,5570,555,305,103,81,112,28,112,162,197,Mobile Payment App
21,Female,Senior,Computer Science,959,258,3200,464,360,153,220,26,88,144,161,134,Cash
25,Female,Senior,Psychology,748,494,4789,447,353,164,201,60,43,99,93,172,Mobile Payment App
21,Male,Junior,Biology,810,73,4884,742,112,173,276,136,63,294,161,136,Mobile Payment App
20,Male,Sophomore,Computer Science,965,322,4992,433,175,56,71,89,74,66,59,130,Mobile Payment App
24,Male,Senior,Psychology,784,513,4906,863,116,110,140,116,56,264,179,160,Credit/Debit Card
22,Male,Sophomore,Economics,970,553,5894,680,344,156,114,120,79,53,40,156,Mobile Payment App
23,Non-binary,Senior,Economics,1349,873,5866,661,205,129,88,72,28,192,72,101,Credit/Debit Card
19,Female,Senior,Psychology,760,61,5429,831,268,84,63,26,92,278,185,60,Credit/Debit Card
21,Female,Freshman,Computer Science,702,273,4977,906,385,106,277,148,41,205,149,116,Cash
21,Male,Junior,Engineering,720,675,5309,661,284,95,153,93,21,108,81,64,Mobile Payment App
22,Male,Freshman,Biology,1286,789,3618,902,343,194,182,74,62,171,126,112,Mobile Payment App
22,Female,Sophomore,Engineering,1135,261,4753,629,335,168,97,113,60,223,44,62,Cash
18,Non-binary,Senior,Engineering,1030,240,3108,859,386,147,208,27,60,265,36,23,Credit/Debit Card
21,Female,Senior,Engineering,1265,722,4579,760,122,122,63,34,48,250,153,184,Credit/Debit Card
24,Female,Freshman,Psychology,1175,803,5634,444,290,170,63,25,37,275,111,101,Mobile Payment App
23,Female,Freshman,Psychology,1083,10,5275,640,236,153,257,62,87,188,55,59,Mobile Payment App
24,Non-binary,Freshman,Biology,1487,940,3167,765,202,146,183,145,23,233,120,44,Mobile Payment App
25,Non-binary,Junior,Computer Science,1327,196,5067,613,278,179,187,149,38,227,162,104,Cash
22,Non-binary,Senior,Economics,1095,165,4532,801,253,167,243,73,33,110,66,98,Credit/Debit Card
23,Male,Senior,Biology,1460,436,3230,787,377,176,158,117,78,299,84,43,Mobile Payment App
20,Female,Freshman,Engineering,1354,427,3691,515,224,120,125,71,46,140,184,177,Credit/Debit Card
20,Male,Sophomore,Biology,836,620,4311,584,301,160,193,91,46,143,120,53,Cash
22,Male,Junior,Engineering,1212,529,4012,897,400,53,120,117,88,284,119,105,Credit/Debit Card
20,Non-binary,Senior,Engineering,1483,277,3413,554,182,138,275,72,35,160,74,190,Credit/Debit Card
22,Non-binary,Sophomore,Computer Science,998,935,5420,516,297,96,103,129,78,251,109,63,Credit/Debit Card
22,Non-binary,Senior,Biology,885,325,4389,907,317,144,126,149,89,243,156,81,Credit/Debit Card
25,Male,Senior,Engineering,726,333,3854,738,177,195,110,92,77,117,30,50,Credit/Debit Card
25,Female,Junior,Psychology,1037,990,4885,481,367,130,272,56,57,150,92,22,Mobile Payment App
22,Female,Freshman,Engineering,1456,993,3377,733,201,94,284,123,34,59,77,97,Mobile Payment App
24,Male,Junior,Economics,676,183,4129,600,135,75,227,25,22,200,164,133,Mobile Payment App
24,Female,Senior,Psychology,571,215,5579,424,133,149,139,29,58,275,173,109,Mobile Payment App
23,Male,Junior,Computer Science,1213,761,5944,768,246,196,165,52,68,198,180,40,Mobile Payment App
24,Female,Sophomore,Psychology,1112,547,5305,498,357,170,183,92,84,138,92,197,Cash
18,Female,Sophomore,Economics,1100,535,4834,593,201,197,78,92,44,178,198,45,Credit/Debit Card
21,Male,Sophomore,Psychology,526,375,4279,747,159,183,197,67,21,88,58,108,Cash
22,Male,Junior,Computer Science,951,202,3172,818,158,68,95,76,63,122,47,96,Mobile Payment App
23,Male,Sophomore,Computer Science,1301,163,5696,899,117,51,278,22,22,153,70,150,Cash
25,Male,Junior,Psychology,1103,5,5960,676,375,149,133,76,33,212,165,169,Mobile Payment App
24,Male,Senior,Computer Science,1083,466,5692,644,111,80,235,76,42,108,65,73,Cash
23,Female,Senior,Engineering,860,47,3057,614,235,115,117,71,72,226,94,126,Cash
18,Male,Senior,Biology,1354,882,3341,969,348,75,126,49,93,201,116,178,Cash
23,Male,Senior,Biology,877,847,4768,465,221,96,52,39,73,94,141,64,Credit/Debit Card
21,Male,Freshman,Engineering,649,577,3046,931,224,161,200,24,80,213,135,180,Credit/Debit Card
24,Male,Sophomore,Computer Science,897,220,4655,799,358,125,290,80,23,156,177,46,Credit/Debit Card
21,Non-binary,Freshman,Psychology,1147,872,3709,581,102,188,225,98,72,273,126,166,Mobile Payment App
23,Non-binary,Senior,Biology,1367,606,5577,916,260,78,213,145,71,223,123,199,Credit/Debit Card
21,Male,Freshman,Computer Science,647,382,4943,807,149,61,214,136,26,191,102,107,Cash
21,Female,Senior,Engineering,656,725,3360,931,329,188,95,120,92,102,59,198,Credit/Debit Card
19,Non-binary,Junior,Economics,1131,315,3194,468,328,177,118,26,69,66,161,120,Mobile Payment App
19,Female,Freshman,Psychology,1319,803,4160,677,159,73,229,140,38,108,175,31,Cash
22,Female,Freshman,Economics,917,856,5010,434,128,184,277,98,29,115,61,66,Credit/Debit Card
19,Female,Sophomore,Biology,872,206,5309,944,232,166,153,58,64,67,167,86,Credit/Debit Card
20,Male,Sophomore,Economics,901,115,3388,737,295,84,297,66,80,146,100,93,Mobile Payment App
18,Male,Junior,Engineering,536,535,5547,676,255,82,111,128,35,252,160,79,Credit/Debit Card
25,Female,Senior,Psychology,506,931,4087,998,251,175,80,82,82,76,152,56,Mobile Payment App
23,Female,Junior,Economics,1201,635,3748,459,291,56,199,100,81,290,135,131,Credit/Debit Card
25,Non-binary,Senior,Computer Science,1189,48,5568,815,159,79,66,113,68,91,94,37,Cash
23,Female,Junior,Economics,546,387,3890,747,282,140,53,35,38,67,75,181,Credit/Debit Card
19,Non-binary,Senior,Biology,1181,989,3162,559,196,137,89,46,60,249,134,200,Cash
18,Female,Sophomore,Economics,810,292,3953,771,340,51,98,120,88,133,58,113,Cash
19,Non-binary,Freshman,Engineering,855,397,4028,633,400,146,174,148,42,77,153,122,Cash
23,Male,Sophomore,Biology,1354,17,5911,631,385,160,112,34,32,225,173,60,Cash
20,Male,Freshman,Psychology,1056,861,5433,405,183,194,187,61,66,144,107,22,Cash
19,Male,Freshman,Economics,620,215,4981,704,243,197,285,135,83,192,36,197,Credit/Debit Card
24,Female,Freshman,Economics,1207,339,4361,638,201,143,241,112,29,86,139,110,Cash
21,Non-binary,Sophomore,Psychology,621,456,5893,960,199,124,278,115,48,193,178,68,Cash
25,Female,Senior,Engineering,1033,64,4249,517,104,64,259,131,66,234,63,104,Mobile Payment App
19,Non-binary,Freshman,Psychology,722,2,3701,450,102,82,267,38,65,129,186,125,Mobile Payment App
20,Male,Freshman,Psychology,1304,76,3564,847,180,92,300,90,64,113,34,113,Mobile Payment App
21,Non-binary,Junior,Biology,912,970,3424,991,348,181,86,134,70,175,40,184,Credit/Debit Card
23,Male,Sophomore,Biology,963,871,4951,778,253,105,135,124,46,185,164,160,Cash
18,Female,Junior,Engineering,1286,618,3015,925,103,129,56,50,93,215,43,105,Mobile Payment App
18,Male,Freshman,Economics,1104,180,4653,683,362,185,90,79,91,91,99,64,Credit/Debit Card
23,Non-binary,Senior,Economics,697,927,3756,734,394,192,109,80,73,247,69,195,Cash
21,Male,Freshman,Engineering,1230,968,4254,540,285,99,169,101,57,77,87,43,Cash
25,Female,Junior,Engineering,1345,649,3889,919,311,133,68,149,66,69,159,162,Mobile Payment App
20,Female,Junior,Biology,1411,517,3074,874,151,77,219,21,44,280,57,176,Mobile Payment App
24,Female,Freshman,Economics,1355,282,5998,617,311,79,264,35,73,254,131,164,Credit/Debit Card
24,Non-binary,Junior,Economics,608,918,4056,568,336,186,159,82,89,251,166,142,Mobile Payment App
22,Female,Senior,Biology,566,480,3542,834,360,64,289,48,86,226,132,120,Credit/Debit Card
25,Female,Junior,Economics,1310,982,4548,837,219,60,72,82,51,260,30,171,Mobile Payment App
24,Female,Sophomore,Biology,1354,52,3169,849,335,60,199,77,45,101,195,125,Credit/Debit Card
23,Male,Sophomore,Economics,1020,17,4645,943,305,156,240,123,53,290,77,63,Cash
24,Non-binary,Senior,Engineering,1394,871,4450,416,268,133,146,22,68,172,126,185,Cash
22,Non-binary,Sophomore,Psychology,954,337,5756,717,159,195,196,138,26,154,160,85,Credit/Debit Card
21,Male,Senior,Biology,1448,794,3959,624,171,172,103,59,89,206,182,158,Mobile Payment App
21,Non-binary,Sophomore,Biology,968,8,4078,670,108,56,129,26,66,272,64,151,Credit/Debit Card
19,Male,Freshman,Economics,1450,809,4103,845,255,89,136,110,85,183,85,110,Credit/Debit Card
22,Female,Freshman,Computer Science,1316,938,4316,953,153,179,229,105,66,184,151,137,Credit/Debit Card
24,Male,Freshman,Computer Science,904,955,4075,875,310,197,201,91,83,224,186,101,Cash
23,Female,Junior,Computer Science,1488,77,5418,545,112,193,158,21,64,257,168,86,Cash
20,Female,Junior,Psychology,893,258,5877,469,131,192,222,73,84,125,176,74,Cash
21,Male,Freshman,Biology,527,851,4464,683,390,194,185,127,65,188,168,193,Credit/Debit Card
24,Male,Senior,Biology,804,640,3043,927,347,167,151,114,35,206,94,169,Credit/Debit Card
25,Female,Junior,Engineering,547,233,5070,633,164,94,147,123,25,236,116,37,Credit/Debit Card
19,Non-binary,Freshman,Computer Science,523,892,4683,438,180,65,208,108,59,192,92,132,Cash
24,Female,Senior,Economics,1040,970,5293,701,323,97,196,93,62,170,90,64,Credit/Debit Card
24,Male,Freshman,Computer Science,918,273,3012,759,113,181,62,99,81,226,155,199,Credit/Debit Card
23,Female,Junior,Biology,504,775,4132,997,237,69,199,111,58,62,195,195,Credit/Debit Card
24,Female,Senior,Economics,1203,115,3234,858,249,157,292,132,94,278,66,49,Cash
20,Female,Senior,Psychology,951,279,4004,453,366,121,287,71,65,207,129,122,Mobile Payment App
24,Non-binary,Sophomore,Psychology,857,583,3939,587,147,126,160,117,85,98,69,143,Mobile Payment App
19,Male,Senior,Psychology,812,539,3191,744,108,189,296,31,81,204,87,34,Cash
18,Male,Sophomore,Computer Science,540,649,5188,746,173,147,113,139,29,103,73,118,Credit/Debit Card
19,Non-binary,Junior,Psychology,889,483,3007,673,225,113,113,148,40,256,171,175,Cash
18,Non-binary,Freshman,Psychology,992,680,5718,533,241,84,276,65,81,141,171,51,Credit/Debit Card
21,Male,Junior,Biology,760,869,3712,567,291,94,86,141,97,55,165,44,Mobile Payment App
25,Male,Sophomore,Biology,1199,996,4865,533,207,123,70,104,76,256,189,192,Credit/Debit Card
20,Female,Junior,Biology,578,460,4893,488,139,168,58,105,92,177,183,92,Credit/Debit Card
24,Female,Senior,Economics,994,940,4885,487,143,54,79,74,53,77,66,22,Cash
18,Non-binary,Junior,Economics,552,481,5312,937,307,77,71,21,52,127,46,77,Mobile Payment App
21,Male,Junior,Computer Science,1444,792,5866,607,396,189,125,76,80,59,79,78,Credit/Debit Card
19,Female,Junior,Psychology,1203,550,3282,654,182,108,288,147,38,92,182,128,Mobile Payment App
25,Female,Sophomore,Computer Science,1481,50,4898,982,157,162,159,30,76,225,99,166,Credit/Debit Card
25,Non-binary,Sophomore,Economics,700,174,5318,846,206,108,284,70,23,220,169,142,Credit/Debit Card
25,Female,Junior,Economics,1087,415,5282,503,155,186,116,31,31,108,141,200,Mobile Payment App
23,Male,Senior,Economics,672,699,4520,435,153,180,61,75,56,248,195,82,Mobile Payment App
21,Male,Sophomore,Computer Science,825,882,4307,589,181,54,89,113,55,266,34,176,Credit/Debit Card
24,Male,Sophomore,Computer Science,1033,267,5997,806,374,86,229,78,31,139,153,77,Cash
25,Non-binary,Freshman,Engineering,774,250,5306,942,324,73,271,107,77,92,80,66,Credit/Debit Card
23,Male,Junior,Engineering,1365,744,3066,936,265,52,121,46,85,292,128,115,Credit/Debit Card
25,Non-binary,Sophomore,Economics,810,826,3709,938,206,180,112,82,45,165,110,98,Mobile Payment App
22,Male,Sophomore,Economics,856,33,5420,967,391,112,196,43,71,294,91,139,Mobile Payment App
21,Female,Senior,Psychology,985,586,4345,481,110,141,135,103,42,270,194,196,Credit/Debit Card
22,Non-binary,Junior,Biology,919,369,4599,788,119,170,58,124,34,97,64,185,Credit/Debit Card
18,Female,Sophomore,Biology,637,130,5152,559,340,62,226,42,72,244,197,42,Cash
20,Male,Freshman,Economics,894,327,3535,689,213,127,69,116,50,143,81,51,Credit/Debit Card
22,Female,Senior,Economics,874,561,3452,504,299,111,237,113,71,104,45,62,Cash
22,Female,Junior,Computer Science,850,699,3180,777,196,102,212,98,75,192,48,106,Credit/Debit Card
24,Non-binary,Junior,Engineering,879,865,5743,921,249,189,222,111,71,112,60,133,Credit/Debit Card
24,Female,Junior,Economics,811,346,3527,795,308,106,74,126,23,299,111,152,Credit/Debit Card
21,Male,Sophomore,Computer Science,809,768,4079,505,186,176,217,70,81,194,193,91,Cash
18,Non-binary,Senior,Psychology,596,316,5494,567,308,54,126,149,46,278,134,21,Credit/Debit Card
25,Male,Sophomore,Economics,856,102,3647,500,341,123,198,85,73,208,58,21,Mobile Payment App
25,Male,Senior,Computer Science,886,143,3489,676,219,61,198,99,95,178,46,188,Mobile Payment App
24,Female,Sophomore,Psychology,1205,715,5781,428,346,190,79,37,28,57,182,133,Mobile Payment App
21,Non-binary,Freshman,Biology,1353,444,4343,622,341,198,152,106,44,236,60,171,Cash
22,Male,Junior,Computer Science,1268,886,4960,917,100,53,102,98,66,228,124,176,Cash
23,Non-binary,Sophomore,Psychology,1112,5,3873,737,188,101,266,46,76,73,190,159,Cash
20,Female,Junior,Engineering,1206,639,5211,720,363,66,120,134,85,152,52,30,Cash
24,Male,Junior,Biology,1159,465,3153,891,226,55,95,46,58,284,41,88,Mobile Payment App
19,Non-binary,Sophomore,Biology,1250,113,4859,521,305,92,133,77,92,69,108,116,Mobile Payment App
20,Non-binary,Freshman,Computer Science,1120,327,5509,670,120,130,178,52,71,267,38,63,Mobile Payment App
24,Non-binary,Senior,Computer Science,1277,520,4706,538,374,183,243,80,74,246,152,46,Cash
19,Male,Freshman,Psychology,1442,463,5284,537,307,157,113,60,39,261,178,115,Mobile Payment App
24,Non-binary,Junior,Biology,776,16,4353,460,358,95,219,27,61,178,173,168,Cash
21,Female,Sophomore,Biology,800,311,3641,438,331,60,125,22,41,253,45,78,Mobile Payment App
18,Female,Junior,Computer Science,1078,910,5416,507,232,175,64,129,55,136,156,52,Credit/Debit Card
20,Male,Junior,Computer Science,1404,747,3920,760,237,104,122,28,82,115,75,56,Mobile Payment App
21,Non-binary,Junior,Psychology,1097,70,4255,447,101,125,267,119,58,76,37,94,Credit/Debit Card
22,Non-binary,Freshman,Biology,835,244,3098,834,380,95,243,39,51,178,101,110,Credit/Debit Card
18,Non-binary,Senior,Economics,755,757,3221,820,301,126,231,77,71,284,99,111,Credit/Debit Card
19,Male,Freshman,Engineering,1087,133,5170,872,133,86,177,73,63,198,167,32,Credit/Debit Card
23,Male,Sophomore,Computer Science,931,950,3012,636,329,187,96,141,96,246,193,121,Cash
20,Female,Sophomore,Psychology,983,321,4912,761,350,177,256,61,73,206,63,179,Credit/Debit Card
21,Non-binary,Sophomore,Engineering,639,854,4160,676,174,107,208,71,48,231,192,169,Mobile Payment App
20,Male,Junior,Engineering,527,438,4231,961,212,60,287,57,31,80,162,40,Mobile Payment App
24,Male,Junior,Computer Science,744,666,4930,853,134,115,197,107,73,256,117,34,Mobile Payment App
21,Male,Freshman,Economics,1118,367,3821,956,287,112,267,65,92,147,149,50,Mobile Payment App
22,Male,Senior,Engineering,1276,606,3809,970,124,97,271,96,81,110,136,42,Credit/Debit Card
25,Female,Junior,Engineering,880,863,4771,903,291,100,292,108,55,217,164,51,Cash
23,Male,Freshman,Engineering,1424,887,4645,854,140,145,156,35,36,50,114,153,Mobile Payment App
22,Female,Senior,Psychology,1276,500,3568,785,338,144,298,91,64,173,98,109,Mobile Payment App
19,Non-binary,Junior,Computer Science,697,943,5958,824,274,200,89,56,31,268,175,96,Mobile Payment App
23,Non-binary,Senior,Computer Science,1379,500,3665,946,114,143,211,92,20,83,113,110,Mobile Payment App
20,Female,Freshman,Computer Science,1466,977,5400,698,283,135,58,135,96,171,30,85,Credit/Debit Card
24,Male,Junior,Biology,1126,649,3565,483,259,63,53,57,43,65,40,86,Cash
23,Non-binary,Senior,Biology,1126,9,5535,1000,206,135,84,70,95,295,120,73,Cash
21,Non-binary,Senior,Biology,618,916,4952,459,192,145,202,86,81,122,150,113,Cash
22,Non-binary,Junior,Biology,785,303,3495,407,245,64,92,47,82,94,104,184,Mobile Payment App
18,Non-binary,Senior,Computer Science,770,554,3535,468,171,104,93,75,22,74,191,182,Cash
25,Non-binary,Sophomore,Psychology,1431,856,5216,528,377,155,191,149,56,117,124,173,Credit/Debit Card
18,Female,Freshman,Biology,1338,491,3955,781,100,139,175,129,24,167,149,137,Credit/Debit Card
25,Female,Sophomore,Psychology,1121,794,3517,407,363,101,170,60,30,168,101,124,Mobile Payment App
24,Female,Freshman,Engineering,1245,675,5833,944,195,107,88,79,95,166,199,122,Credit/Debit Card
20,Female,Senior,Computer Science,748,223,3343,919,100,142,266,77,60,103,199,87,Mobile Payment App
20,Female,Junior,Biology,1389,477,3610,811,152,91,234,82,33,171,96,31,Credit/Debit Card
19,Female,Junior,Engineering,1122,790,5969,840,365,104,134,64,98,201,57,168,Credit/Debit Card
23,Male,Senior,Psychology,1113,955,5456,773,349,178,79,135,78,200,135,127,Cash
20,Female,Sophomore,Economics,879,547,5055,407,169,105,280,90,62,238,82,172,Cash
18,Non-binary,Freshman,Economics,1489,202,4710,921,101,187,122,130,38,246,96,193,Mobile Payment App
22,Female,Freshman,Biology,869,85,5866,754,379,127,214,111,64,276,37,105,Cash
23,Male,Junior,Psychology,1381,520,5066,624,356,65,97,55,84,106,65,51,Mobile Payment App
21,Non-binary,Sophomore,Biology,1325,735,4012,880,270,200,230,121,97,248,102,157,Cash
20,Male,Senior,Psychology,581,492,3705,448,318,114,186,129,85,215,188,100,Cash
22,Non-binary,Senior,Engineering,694,245,4140,692,398,92,215,25,92,247,135,28,Mobile Payment App
24,Female,Sophomore,Economics,615,563,3389,403,200,109,63,145,79,233,64,153,Mobile Payment App
25,Female,Sophomore,Economics,1394,519,4998,879,222,84,141,21,67,96,101,111,Credit/Debit Card
25,Female,Freshman,Biology,800,223,5867,828,298,94,166,127,81,229,48,71,Credit/Debit Card
20,Male,Senior,Psychology,913,634,3541,668,375,187,171,70,91,90,133,200,Cash
19,Male,Sophomore,Psychology,1243,882,5570,574,106,190,73,85,97,264,94,82,Mobile Payment App
20,Female,Sophomore,Economics,655,685,3115,481,270,157,133,97,22,112,80,98,Credit/Debit Card
18,Male,Freshman,Biology,667,647,4637,906,225,123,204,81,36,89,33,137,Credit/Debit Card
24,Non-binary,Senior,Economics,1458,7,5143,505,329,140,265,138,65,81,49,198,Credit/Debit Card
22,Non-binary,Sophomore,Biology,925,350,4445,529,227,51,173,132,24,58,183,74,Mobile Payment App
21,Non-binary,Senior,Economics,1105,35,4114,417,308,178,152,142,90,286,84,139,Credit/Debit Card
18,Male,Junior,Biology,737,490,5522,758,135,160,105,65,80,281,148,112,Cash
25,Female,Freshman,Computer Science,1495,892,5525,767,182,97,213,135,30,196,54,21,Mobile Payment App
20,Male,Senior,Economics,1298,971,5002,717,249,63,214,72,40,220,80,26,Mobile Payment App
21,Male,Sophomore,Psychology,1272,784,3708,810,364,90,119,32,67,91,146,150,Credit/Debit Card
19,Female,Senior,Biology,511,825,5383,917,201,152,117,147,42,244,75,126,Credit/Debit Card
21,Female,Sophomore,Engineering,1161,566,5178,653,381,155,213,116,45,208,139,174,Credit/Debit Card
21,Male,Senior,Psychology,1112,943,5832,881,292,93,288,135,82,67,102,157,Mobile Payment App
25,Male,Junior,Economics,958,451,5949,655,163,78,96,150,54,78,76,176,Cash
25,Non-binary,Junior,Engineering,1176,186,4044,615,319,93,108,46,96,184,61,37,Credit/Debit Card
20,Non-binary,Senior,Engineering,727,451,3325,570,253,76,98,55,49,229,96,97,Cash
25,Non-binary,Senior,Biology,1483,826,3048,733,136,103,278,114,22,282,110,60,Credit/Debit Card
24,Male,Junior,Computer Science,881,97,4884,857,340,166,147,34,32,298,115,38,Credit/Debit Card
21,Male,Freshman,Engineering,1347,634,5766,562,398,134,222,43,56,108,162,34,Mobile Payment App
22,Female,Freshman,Psychology,725,132,4477,822,150,61,192,133,89,204,133,95,Mobile Payment App
18,Non-binary,Sophomore,Biology,1000,270,4171,859,194,139,246,102,65,93,185,152,Credit/Debit Card
24,Female,Sophomore,Engineering,795,580,4126,454,226,132,114,117,72,158,133,132,Credit/Debit Card
18,Male,Senior,Economics,869,447,3962,416,369,112,71,44,51,160,74,43,Mobile Payment App
24,Female,Freshman,Biology,543,177,4823,976,295,153,86,107,36,143,118,172,Credit/Debit Card
25,Male,Sophomore,Economics,1470,403,5561,704,178,104,173,36,50,81,140,114,Credit/Debit Card
19,Female,Freshman,Economics,734,838,4441,437,185,79,53,129,21,149,120,53,Cash
20,Female,Freshman,Computer Science,669,638,5929,588,290,176,218,74,23,199,65,149,Mobile Payment App
19,Female,Junior,Psychology,1336,417,4533,809,268,131,237,96,88,289,113,120,Cash
21,Female,Sophomore,Economics,1436,435,5414,748,274,89,220,34,79,241,118,113,Mobile Payment App
21,Non-binary,Freshman,Engineering,1339,777,5292,509,245,113,70,101,47,297,156,41,Mobile Payment App
18,Female,Freshman,Biology,609,201,4477,930,260,178,272,98,83,138,129,52,Credit/Debit Card
21,Non-binary,Sophomore,Economics,1036,169,4582,426,206,189,237,140,70,59,105,123,Mobile Payment App
25,Female,Senior,Engineering,1309,840,5575,923,257,115,263,78,20,236,39,78,Mobile Payment App
25,Male,Sophomore,Engineering,1471,521,4388,504,341,113,76,34,67,216,78,36,Cash
19,Male,Freshman,Engineering,658,487,3579,705,292,172,198,20,50,209,68,21,Mobile Payment App
19,Male,Junior,Engineering,684,728,5407,953,162,107,117,64,54,260,166,168,Mobile Payment App
20,Male,Sophomore,Computer Science,907,468,3358,877,152,170,63,44,47,176,158,187,Credit/Debit Card
18,Male,Freshman,Computer Science,846,671,4827,928,256,61,114,21,77,160,133,143,Mobile Payment App
18,Female,Sophomore,Biology,1175,963,5461,498,218,81,182,26,60,296,143,24,Cash
25,Male,Freshman,Biology,659,893,5837,867,142,77,163,105,79,184,166,140,Credit/Debit Card
18,Non-binary,Sophomore,Economics,1488,492,5185,450,152,120,218,91,81,257,50,39,Cash
22,Female,Senior,Psychology,1190,194,5107,483,299,179,173,30,68,144,170,119,Cash
19,Female,Junior,Psychology,742,543,5288,772,125,162,123,126,51,94,113,71,Credit/Debit Card
23,Non-binary,Freshman,Psychology,914,663,3265,809,175,60,125,21,81,135,194,154,Credit/Debit Card
19,Male,Freshman,Biology,1485,53,3659,651,221,198,124,141,85,293,57,171,Cash
20,Female,Junior,Biology,582,678,4190,722,112,188,97,133,66,69,131,147,Credit/Debit Card
19,Non-binary,Junior,Engineering,1468,415,4764,613,115,157,121,31,88,77,56,117,Credit/Debit Card
25,Female,Sophomore,Computer Science,1021,93,3755,512,104,188,146,103,63,183,128,34,Cash
24,Male,Freshman,Computer Science,760,281,4727,822,394,88,191,50,48,160,188,81,Mobile Payment App
24,Non-binary,Freshman,Economics,969,371,3771,889,336,59,298,35,89,201,74,75,Cash
23,Female,Senior,Biology,990,431,3846,594,330,89,114,54,72,82,132,125,Mobile Payment App
23,Non-binary,Sophomore,Engineering,1304,457,4240,878,111,165,86,123,41,120,124,27,Cash
23,Male,Sophomore,Biology,805,0,4759,409,255,101,285,49,45,89,115,129,Credit/Debit Card
25,Male,Senior,Engineering,1179,223,4058,952,340,118,65,121,51,174,41,177,Credit/Debit Card
18,Non-binary,Senior,Computer Science,573,299,3003,878,229,131,157,58,88,53,182,190,Mobile Payment App
25,Female,Senior,Psychology,843,4,4906,869,226,196,66,82,98,289,58,148,Mobile Payment App
23,Non-binary,Junior,Biology,1085,795,3056,501,170,136,155,70,46,192,89,38,Mobile Payment App
23,Female,Freshman,Biology,580,771,3789,707,322,170,244,114,75,79,188,107,Credit/Debit Card
25,Female,Sophomore,Computer Science,975,630,4785,693,316,177,263,121,62,233,149,32,Cash
23,Male,Senior,Psychology,602,608,4542,830,378,83,229,131,54,166,145,160,Credit/Debit Card
23,Non-binary,Senior,Economics,1103,873,4761,671,394,121,215,112,47,118,119,115,Cash
20,Non-binary,Freshman,Psychology,816,233,3909,949,136,165,53,59,30,275,183,32,Mobile Payment App
24,Male,Freshman,Engineering,1016,201,5042,606,142,54,188,106,64,162,40,84,Cash
23,Non-binary,Junior,Engineering,969,327,3449,516,312,182,186,25,44,186,117,164,Cash
21,Non-binary,Junior,Computer Science,918,831,5934,949,391,81,127,121,64,275,141,159,Credit/Debit Card
23,Non-binary,Senior,Computer Science,982,207,4397,710,159,118,89,109,87,225,65,69,Mobile Payment App
25,Male,Junior,Computer Science,1021,912,5979,785,293,86,228,32,46,135,102,72,Cash
22,Female,Sophomore,Psychology,521,884,5701,916,342,175,221,86,46,57,112,27,Mobile Payment App
24,Female,Freshman,Computer Science,1444,881,3721,458,269,70,89,72,50,182,81,130,Mobile Payment App
21,Male,Sophomore,Psychology,646,487,4218,822,124,74,108,52,97,68,105,48,Credit/Debit Card
21,Female,Freshman,Economics,1296,133,3728,464,212,184,298,72,53,198,111,135,Mobile Payment App
18,Non-binary,Freshman,Economics,1360,222,5759,810,164,153,77,60,99,180,177,143,Mobile Payment App
19,Female,Senior,Biology,1123,5,5407,404,345,122,187,73,20,215,171,190,Cash
18,Female,Senior,Psychology,1020,74,5837,552,123,138,267,98,63,267,163,30,Mobile Payment App
21,Female,Freshman,Computer Science,736,628,3757,743,256,180,209,92,92,228,44,61,Credit/Debit Card
23,Non-binary,Senior,Economics,931,322,5865,490,155,146,175,79,95,113,142,139,Cash
24,Male,Senior,Psychology,1443,982,3807,814,364,169,299,126,20,102,193,127,Mobile Payment App
22,Male,Freshman,Engineering,730,374,3483,675,230,68,212,124,72,156,118,181,Cash
25,Non-binary,Senior,Economics,561,759,4229,781,147,88,144,55,95,114,142,56,Mobile Payment App
25,Female,Sophomore,Economics,1212,616,5867,728,378,65,159,92,79,289,35,75,Cash
25,Non-binary,Freshman,Computer Science,1282,416,5824,594,309,121,108,58,91,234,104,120,Cash
21,Non-binary,Freshman,Biology,1438,364,5133,617,392,127,249,37,28,154,170,174,Mobile Payment App
18,Female,Senior,Psychology,702,531,4901,497,237,150,298,46,62,225,123,130,Credit/Debit Card
20,Male,Senior,Biology,1433,764,5002,589,397,51,288,135,100,71,48,112,Credit/Debit Card
25,Female,Freshman,Psychology,1444,542,4680,829,207,122,260,109,37,127,43,69,Cash
22,Female,Junior,Psychology,536,484,5803,413,326,104,86,99,69,197,167,157,Cash
18,Non-binary,Freshman,Engineering,1260,68,3610,637,296,86,87,50,54,230,183,137,Credit/Debit Card
18,Non-binary,Freshman,Biology,701,340,3235,969,337,65,152,113,99,169,161,159,Cash
18,Female,Freshman,Engineering,1309,144,3419,728,171,116,152,107,85,124,76,78,Cash
18,Non-binary,Sophomore,Economics,842,491,4582,473,202,156,279,120,81,270,67,78,Credit/Debit Card
24,Male,Freshman,Computer Science,617,863,3795,837,231,152,256,41,74,221,130,106,Credit/Debit Card
21,Non-binary,Junior,Engineering,1134,490,5864,714,370,96,199,114,82,67,190,24,Cash
23,Non-binary,Sophomore,Psychology,992,242,4210,495,187,114,58,132,96,154,134,179,Mobile Payment App
18,Non-binary,Freshman,Economics,1408,572,4271,477,320,78,150,150,81,163,46,24,Mobile Payment App
21,Female,Senior,Biology,1368,940,3234,405,334,59,114,23,67,135,190,22,Mobile Payment App
22,Male,Senior,Economics,716,157,4056,789,358,186,216,78,74,175,169,109,Cash
22,Non-binary,Freshman,Psychology,1224,581,5309,936,264,55,188,126,47,194,79,26,Credit/Debit Card
19,Non-binary,Senior,Biology,1349,788,4273,421,106,160,147,39,89,235,182,43,Cash
24,Female,Sophomore,Engineering,802,552,3146,724,213,95,135,103,70,267,54,123,Cash
18,Female,Senior,Psychology,973,318,3600,913,375,183,178,122,94,129,66,148,Cash
19,Female,Senior,Engineering,736,660,5945,478,342,75,279,43,49,107,94,57,Mobile Payment App
22,Male,Senior,Engineering,571,498,3897,648,181,56,275,86,57,287,79,110,Mobile Payment App
25,Female,Sophomore,Engineering,833,56,3133,615,147,90,201,81,30,148,42,121,Cash
22,Female,Freshman,Computer Science,713,382,4116,592,329,120,269,46,53,230,57,153,Credit/Debit Card
20,Male,Junior,Economics,1268,475,5900,661,264,157,258,52,38,167,174,44,Cash
19,Non-binary,Freshman,Biology,819,615,5075,858,153,200,115,76,90,139,154,44,Mobile Payment App
18,Male,Senior,Economics,1268,324,3788,483,339,159,120,55,22,212,173,78,Credit/Debit Card
18,Female,Senior,Engineering,1486,705,4043,661,178,64,276,80,69,144,115,26,Mobile Payment App
24,Male,Freshman,Computer Science,1005,536,3944,687,262,148,200,138,53,146,194,80,Cash
25,Female,Senior,Economics,1205,837,3014,593,183,142,112,77,59,209,145,78,Credit/Debit Card
24,Male,Senior,Engineering,1356,858,5137,747,109,170,153,46,40,131,85,120,Mobile Payment App
22,Male,Senior,Engineering,817,555,5754,716,382,135,142,21,29,188,183,41,Mobile Payment App
22,Male,Sophomore,Biology,706,75,4080,874,139,183,93,41,47,136,164,109,Cash
18,Non-binary,Junior,Economics,1102,490,5853,669,230,122,118,41,74,276,69,140,Cash
22,Male,Sophomore,Engineering,1279,898,3980,471,265,148,77,68,37,132,192,157,Credit/Debit Card
18,Male,Sophomore,Economics,1457,998,4232,957,375,139,167,141,31,196,35,55,Credit/Debit Card
21,Female,Freshman,Psychology,1306,37,4943,569,326,100,277,91,85,246,48,79,Cash
25,Male,Sophomore,Engineering,1309,433,4563,495,309,152,290,84,99,256,37,93,Credit/Debit Card
19,Male,Freshman,Biology,1482,705,4973,433,294,144,233,149,59,167,130,96,Credit/Debit Card
23,Male,Sophomore,Economics,1468,333,4845,563,107,74,129,119,24,123,98,173,Mobile Payment App
25,Female,Sophomore,Economics,869,102,3556,544,387,161,158,48,80,163,93,129,Credit/Debit Card
18,Male,Junior,Economics,886,917,5448,808,155,169,150,24,60,129,127,195,Mobile Payment App
19,Female,Freshman,Economics,1443,831,4289,511,190,152,108,88,61,178,146,103,Mobile Payment App
23,Non-binary,Freshman,Biology,766,95,4782,880,254,174,238,50,48,158,157,97,Cash
22,Non-binary,Senior,Biology,1403,31,4595,761,331,179,57,97,67,273,179,56,Cash
24,Non-binary,Freshman,Engineering,1372,803,4080,432,386,184,50,65,83,248,89,61,Credit/Debit Card
23,Non-binary,Freshman,Biology,1428,597,5495,816,332,127,271,100,22,93,163,60,Mobile Payment App
19,Male,Junior,Biology,1303,60,4515,511,387,179,244,68,100,261,35,154,Cash
20,Non-binary,Sophomore,Economics,572,823,5879,438,360,72,118,80,45,265,48,30,Credit/Debit Card
23,Non-binary,Junior,Economics,558,194,4648,865,183,60,113,128,38,265,42,167,Credit/Debit Card
23,Female,Junior,Engineering,1049,476,5972,663,116,162,52,110,21,202,86,63,Mobile Payment App
18,Female,Freshman,Computer Science,923,108,3640,409,384,117,249,76,68,152,86,128,Credit/Debit Card
18,Female,Freshman,Engineering,621,35,5779,558,252,109,289,82,51,98,53,100,Cash
21,Non-binary,Junior,Economics,660,348,5689,731,123,88,89,67,64,186,39,26,Mobile Payment App
21,Non-binary,Freshman,Biology,528,92,3863,899,127,184,100,21,55,195,125,134,Mobile Payment App
23,Female,Freshman,Psychology,640,618,3719,513,195,144,275,33,63,150,192,90,Mobile Payment App
18,Female,Senior,Computer Science,1427,573,4307,797,224,161,136,87,59,159,87,20,Mobile Payment App
18,Male,Sophomore,Computer Science,527,405,4577,532,133,134,292,62,50,164,33,127,Cash
25,Female,Freshman,Psychology,1295,787,4591,764,358,142,190,121,77,244,75,113,Cash
23,Female,Sophomore,Economics,1219,491,5149,551,168,126,184,41,67,203,83,35,Cash
24,Female,Senior,Engineering,959,696,3200,593,318,188,153,150,89,285,54,102,Cash
18,Non-binary,Sophomore,Biology,1483,995,3770,569,328,159,103,126,92,284,193,20,Credit/Debit Card
19,Non-binary,Sophomore,Psychology,646,986,5700,857,309,77,88,66,98,174,126,153,Mobile Payment App
23,Male,Senior,Biology,818,353,5174,662,222,160,194,28,98,193,177,166,Credit/Debit Card
18,Male,Senior,Engineering,1268,598,3398,483,304,119,168,34,95,261,107,172,Credit/Debit Card
22,Non-binary,Freshman,Biology,563,345,4713,953,249,181,128,54,54,273,40,122,Mobile Payment App
21,Male,Freshman,Psychology,1253,464,5096,404,278,178,235,58,69,89,161,101,Credit/Debit Card
18,Non-binary,Sophomore,Engineering,791,739,5601,628,269,116,102,55,58,179,66,136,Cash
22,Non-binary,Sophomore,Psychology,847,964,3374,999,375,165,172,44,51,180,30,125,Cash
24,Male,Junior,Economics,668,36,5962,635,280,166,176,112,83,191,115,41,Mobile Payment App
24,Male,Freshman,Computer Science,1022,883,3174,832,121,137,142,54,65,93,47,170,Cash
20,Non-binary,Senior,Economics,725,704,3181,440,363,85,219,24,73,189,190,33,Cash
24,Non-binary,Junior,Biology,733,144,3556,427,214,71,212,136,73,296,157,157,Credit/Debit Card
18,Non-binary,Freshman,Engineering,684,745,4569,884,322,140,265,20,99,201,132,164,Mobile Payment App
20,Male,Senior,Psychology,604,494,3326,622,216,141,54,90,98,268,56,137,Mobile Payment App
23,Male,Sophomore,Engineering,1346,83,5626,799,120,125,292,140,47,62,35,74,Mobile Payment App
23,Non-binary,Junior,Biology,1464,750,3907,493,364,61,170,93,23,88,113,191,Credit/Debit Card
18,Male,Sophomore,Psychology,1258,333,5189,537,370,195,195,84,57,126,125,71,Cash
22,Male,Freshman,Economics,925,476,3755,718,227,80,173,70,88,185,35,43,Cash
18,Male,Sophomore,Computer Science,927,880,5715,748,217,146,227,97,46,220,162,38,Mobile Payment App
20,Non-binary,Freshman,Engineering,1230,967,3784,430,216,55,247,74,90,171,52,162,Mobile Payment App
23,Non-binary,Freshman,Psychology,1437,777,5522,852,375,99,55,150,21,195,53,68,Credit/Debit Card
21,Female,Sophomore,Computer Science,989,158,3913,919,377,159,152,115,40,299,58,176,Credit/Debit Card
19,Male,Senior,Biology,910,724,5884,422,365,164,294,146,34,258,152,24,Cash
18,Male,Freshman,Computer Science,1323,441,3373,701,369,60,235,44,78,276,38,139,Cash
20,Female,Sophomore,Engineering,668,33,4067,453,243,84,283,132,72,294,50,99,Mobile Payment App
25,Female,Senior,Biology,1004,465,5665,835,126,179,297,23,52,238,79,104,Credit/Debit Card
21,Female,Junior,Economics,1415,561,3083,967,347,114,175,100,30,166,162,120,Credit/Debit Card
18,Male,Freshman,Engineering,948,739,3799,812,344,111,205,139,94,249,107,43,Credit/Debit Card
21,Non-binary,Junior,Biology,1010,248,3146,972,356,170,60,67,54,77,124,100,Mobile Payment App
19,Female,Sophomore,Biology,873,549,3887,423,111,120,166,116,68,255,137,30,Credit/Debit Card
19,Female,Sophomore,Computer Science,921,148,4073,677,212,78,173,52,33,141,161,69,Cash
19,Female,Freshman,Engineering,1459,285,4511,619,299,145,295,96,71,95,35,170,Mobile Payment App
25,Male,Freshman,Biology,672,213,3980,420,362,64,290,131,53,201,102,83,Credit/Debit Card
23,Non-binary,Senior,Engineering,1461,299,4335,500,120,65,112,83,41,83,54,107,Mobile Payment App
24,Male,Senior,Psychology,1492,644,4495,468,234,76,205,58,80,159,157,66,Credit/Debit Card
19,Male,Senior,Computer Science,627,995,5863,937,188,177,155,137,97,117,172,180,Cash
23,Male,Freshman,Computer Science,961,87,5819,781,393,56,155,64,86,146,63,48,Mobile Payment App
22,Male,Senior,Engineering,954,134,3455,664,332,183,227,36,69,180,45,68,Credit/Debit Card
20,Non-binary,Junior,Biology,1486,958,5843,757,119,135,72,114,47,82,93,136,Mobile Payment App
24,Female,Freshman,Psychology,1331,681,5918,949,335,125,258,94,94,171,34,127,Mobile Payment App
21,Female,Senior,Computer Science,551,492,3257,930,335,59,61,41,60,59,146,151,Cash
18,Non-binary,Senior,Biology,1352,475,5868,718,264,196,151,114,26,244,65,57,Credit/Debit Card
22,Female,Senior,Engineering,1437,204,3820,497,319,161,217,23,81,67,125,149,Mobile Payment App
25,Non-binary,Sophomore,Biology,1146,504,4965,707,295,127,114,97,30,141,63,24,Mobile Payment App
21,Male,Freshman,Biology,1341,899,3133,850,364,183,262,129,26,188,94,130,Credit/Debit Card
25,Female,Sophomore,Biology,1331,227,5479,750,155,184,88,87,72,87,157,53,Mobile Payment App
25,Male,Freshman,Computer Science,1195,845,3900,624,258,183,178,122,91,271,53,94,Mobile Payment App
24,Non-binary,Sophomore,Psychology,1247,269,5692,638,158,196,190,92,88,174,100,68,Cash
25,Female,Senior,Biology,663,798,5418,420,389,97,282,144,84,149,123,167,Cash
23,Female,Senior,Engineering,861,776,4227,924,143,190,208,114,82,119,172,71,Credit/Debit Card
23,Male,Senior,Economics,568,340,3025,620,300,92,233,75,52,296,191,109,Credit/Debit Card
20,Female,Senior,Psychology,802,254,4626,568,179,64,265,124,51,117,158,123,Credit/Debit Card
24,Male,Freshman,Economics,821,414,5858,719,174,133,52,76,65,142,66,39,Cash
19,Female,Freshman,Computer Science,1009,770,4354,511,300,189,156,150,54,270,146,46,Credit/Debit Card
19,Non-binary,Junior,Computer Science,526,633,3093,940,215,109,54,31,80,193,192,42,Mobile Payment App
22,Female,Junior,Computer Science,502,755,3717,473,153,54,53,92,50,290,144,70,Mobile Payment App
19,Non-binary,Freshman,Biology,860,550,5703,503,203,171,117,29,31,87,82,196,Mobile Payment App
18,Non-binary,Junior,Economics,1420,576,5141,835,168,102,277,57,47,260,86,196,Cash
21,Female,Senior,Computer Science,540,931,4582,651,221,135,100,21,39,75,72,183,Mobile Payment App
25,Non-binary,Freshman,Psychology,737,995,4234,562,288,62,293,103,89,281,31,162,Mobile Payment App
22,Non-binary,Freshman,Psychology,503,57,3138,843,276,177,175,37,26,258,105,165,Cash
22,Female,Freshman,Computer Science,673,972,5357,828,279,95,298,97,21,154,34,162,Mobile Payment App
25,Female,Freshman,Psychology,681,115,5355,848,209,118,51,112,83,240,188,172,Cash
22,Male,Freshman,Computer Science,1356,766,5387,599,347,200,238,77,65,190,72,196,Mobile Payment App
25,Female,Sophomore,Computer Science,1062,390,3394,946,298,117,191,116,36,102,73,159,Credit/Debit Card
18,Male,Sophomore,Economics,1399,653,3413,703,157,182,67,41,81,108,154,28,Cash
19,Female,Junior,Engineering,1402,705,3268,715,305,134,87,100,100,228,103,144,Cash
24,Non-binary,Sophomore,Engineering,1184,260,5610,490,376,168,183,102,73,183,85,123,Cash
21,Male,Senior,Economics,743,351,3735,746,305,51,201,55,74,284,117,91,Cash
25,Male,Sophomore,Biology,1384,490,3253,462,286,158,240,90,24,296,191,115,Mobile Payment App
20,Male,Junior,Biology,997,641,4000,589,167,130,142,24,70,179,130,57,Credit/Debit Card
24,Male,Senior,Engineering,618,109,4178,626,335,118,184,22,75,139,85,65,Credit/Debit Card
25,Female,Junior,Psychology,1320,498,5329,559,236,122,262,95,61,164,108,65,Cash
25,Male,Sophomore,Computer Science,959,522,4611,402,369,67,162,106,24,141,45,87,Cash
20,Non-binary,Junior,Psychology,950,656,4369,916,207,97,90,42,78,284,75,48,Mobile Payment App
24,Non-binary,Senior,Economics,1286,456,5916,973,263,60,108,115,22,116,63,168,Credit/Debit Card
19,Non-binary,Freshman,Computer Science,893,312,4417,981,156,141,240,125,59,161,118,26,Cash
18,Female,Freshman,Psychology,1126,891,4242,624,182,100,136,86,66,243,83,30,Cash
22,Male,Sophomore,Biology,679,481,5466,674,180,152,147,133,58,67,130,159,Mobile Payment App
25,Male,Freshman,Psychology,803,201,5914,859,143,173,143,142,96,170,103,30,Credit/Debit Card
18,Female,Senior,Biology,664,115,3692,963,213,70,230,150,74,199,167,113,Credit/Debit Card
18,Male,Senior,Computer Science,1500,777,5326,772,298,182,173,112,66,170,41,103,Cash
22,Male,Junior,Psychology,1005,777,5596,865,158,56,113,102,71,249,148,196,Credit/Debit Card
22,Female,Sophomore,Biology,883,640,5515,751,243,168,240,138,20,102,55,93,Credit/Debit Card
18,Non-binary,Freshman,Biology,1428,327,5183,822,118,184,209,27,50,212,89,129,Cash
21,Non-binary,Sophomore,Economics,906,449,3883,713,338,126,300,86,46,55,64,122,Cash
18,Non-binary,Freshman,Computer Science,991,836,3317,518,315,98,82,139,94,130,145,151,Cash
23,Female,Freshman,Engineering,1246,754,5420,504,372,107,222,104,31,163,116,182,Mobile Payment App
22,Female,Freshman,Biology,1273,10,4229,887,168,197,134,140,60,236,95,136,Credit/Debit Card
22,Male,Junior,Psychology,880,184,4706,415,105,182,266,58,68,277,176,36,Credit/Debit Card
24,Non-binary,Junior,Computer Science,1356,328,5658,901,369,156,284,114,76,145,119,102,Credit/Debit Card
23,Female,Junior,Economics,916,927,5244,411,249,157,173,69,71,255,83,189,Credit/Debit Card
18,Non-binary,Freshman,Economics,1059,668,3940,836,175,131,168,30,81,215,178,31,Credit/Debit Card
24,Female,Junior,Psychology,941,203,3048,617,214,113,233,109,49,266,73,176,Credit/Debit Card
24,Male,Senior,Psychology,764,521,4504,828,142,117,163,73,32,299,51,51,Mobile Payment App
25,Non-binary,Sophomore,Economics,983,670,4654,613,246,126,255,146,20,59,155,197,Cash
18,Non-binary,Senior,Biology,1295,263,4502,647,112,137,172,106,88,108,42,32,Mobile Payment App
22,Female,Sophomore,Computer Science,1301,883,4856,519,141,57,99,76,70,60,116,199,Cash
22,Non-binary,Junior,Biology,829,369,5246,702,146,88,286,144,37,268,85,191,Cash
22,Non-binary,Sophomore,Psychology,1296,1,4574,759,147,143,56,128,72,202,49,190,Credit/Debit Card
21,Male,Freshman,Biology,1278,506,3566,513,360,81,145,48,70,252,94,140,Credit/Debit Card
18,Female,Senior,Biology,725,148,4782,643,169,164,59,137,76,207,189,42,Credit/Debit Card
20,Male,Senior,Biology,525,41,4603,889,187,85,118,24,85,75,158,108,Cash
25,Non-binary,Junior,Biology,1006,293,3397,583,167,74,195,22,75,77,174,107,Mobile Payment App
20,Male,Sophomore,Biology,872,661,5328,470,220,167,249,122,47,152,51,128,Mobile Payment App
20,Non-binary,Senior,Engineering,549,302,5909,409,270,66,117,61,75,278,132,30,Credit/Debit Card
20,Non-binary,Junior,Engineering,885,380,5717,726,135,60,60,69,27,127,87,179,Cash
19,Female,Senior,Computer Science,1197,772,4227,695,180,91,104,106,31,177,48,21,Mobile Payment App
25,Male,Senior,Psychology,539,429,5598,869,209,71,106,116,41,120,149,36,Cash
22,Male,Sophomore,Computer Science,804,911,3810,577,291,167,294,64,64,266,134,137,Cash
25,Non-binary,Sophomore,Economics,1109,289,3324,946,359,123,272,88,27,141,107,125,Mobile Payment App
25,Female,Senior,Computer Science,1126,771,3126,823,374,125,215,90,77,242,112,99,Credit/Debit Card
22,Non-binary,Junior,Economics,849,229,5145,830,364,113,118,60,35,237,175,192,Cash
23,Non-binary,Sophomore,Psychology,503,158,4627,696,361,121,136,141,60,95,139,72,Credit/Debit Card
20,Male,Senior,Biology,1293,449,3734,913,324,149,134,103,86,288,131,120,Mobile Payment App
20,Male,Junior,Biology,903,96,4215,502,294,77,160,96,23,87,161,73,Credit/Debit Card
23,Non-binary,Junior,Psychology,1149,685,5510,503,308,171,206,144,82,109,196,60,Credit/Debit Card
20,Non-binary,Freshman,Biology,1363,536,3639,536,132,137,231,107,91,208,185,72,Mobile Payment App
19,Non-binary,Junior,Engineering,1056,959,4665,593,100,157,214,113,50,286,87,200,Cash
18,Male,Senior,Engineering,1245,80,3063,836,397,136,89,110,29,155,59,186,Mobile Payment App
25,Female,Senior,Computer Science,1149,387,5744,849,301,112,162,141,74,89,107,108,Mobile Payment App
19,Female,Freshman,Psychology,1226,798,4066,494,350,192,159,34,52,226,136,62,Cash
22,Non-binary,Freshman,Engineering,965,387,3983,466,205,191,116,65,61,192,96,188,Mobile Payment App
21,Male,Freshman,Engineering,1338,889,4956,658,179,79,151,116,30,116,191,24,Credit/Debit Card
20,Male,Senior,Engineering,1414,811,5141,752,186,139,170,64,46,148,31,96,Credit/Debit Card
24,Non-binary,Junior,Psychology,1232,648,5249,485,248,52,64,94,75,280,48,46,Mobile Payment App
18,Male,Freshman,Engineering,528,612,4015,477,286,87,93,29,76,292,175,65,Cash
22,Male,Sophomore,Computer Science,1377,500,4846,482,335,133,87,33,57,161,82,98,Credit/Debit Card
23,Non-binary,Freshman,Computer Science,1078,857,4983,887,248,152,211,52,24,180,106,130,Credit/Debit Card
20,Male,Sophomore,Computer Science,766,926,5019,898,226,60,174,86,22,188,147,111,Cash
22,Non-binary,Senior,Engineering,1289,253,4960,529,229,59,182,35,64,96,123,77,Credit/Debit Card
21,Male,Sophomore,Economics,887,825,4948,731,309,194,60,109,86,126,177,140,Cash
18,Male,Sophomore,Biology,1040,721,3004,919,206,81,197,48,60,159,132,70,Cash
21,Female,Senior,Engineering,940,973,5912,951,352,108,62,62,70,249,98,150,Credit/Debit Card
25,Male,Sophomore,Biology,895,924,5734,489,157,94,92,21,23,261,57,113,Mobile Payment App
25,Male,Sophomore,Psychology,1113,378,3901,533,201,133,156,146,61,144,81,87,Credit/Debit Card
24,Non-binary,Freshman,Biology,982,563,5027,830,264,126,213,52,62,296,157,54,Cash
22,Male,Freshman,Psychology,1401,392,5008,769,331,149,280,38,33,100,150,167,Credit/Debit Card
18,Male,Sophomore,Psychology,772,72,5891,765,359,133,51,23,61,250,128,171,Mobile Payment App
20,Male,Senior,Economics,912,387,3866,487,261,199,225,115,34,184,197,144,Credit/Debit Card
23,Female,Sophomore,Economics,946,859,5240,409,380,179,148,81,59,101,139,96,Cash
23,Non-binary,Junior,Biology,834,858,4874,565,127,102,216,119,93,143,144,82,Mobile Payment App
24,Male,Freshman,Psychology,695,457,3265,438,340,77,109,63,24,201,137,82,Cash
20,Male,Sophomore,Biology,1479,398,5517,854,238,93,254,118,22,143,36,67,Cash
21,Non-binary,Sophomore,Economics,994,469,3783,415,144,172,133,41,88,284,116,199,Mobile Payment App
25,Female,Sophomore,Biology,843,555,5071,604,126,195,193,107,53,159,49,72,Mobile Payment App
21,Non-binary,Junior,Biology,1412,671,6000,917,295,191,103,22,85,297,62,140,Mobile Payment App
22,Male,Junior,Computer Science,727,238,5354,733,325,182,155,42,81,220,199,176,Credit/Debit Card
25,Male,Sophomore,Computer Science,622,642,4637,862,290,200,266,21,44,229,168,77,Mobile Payment App
23,Female,Senior,Computer Science,1392,197,3161,954,287,101,168,55,52,180,135,99,Credit/Debit Card
19,Male,Sophomore,Computer Science,1491,809,4924,792,191,144,287,81,36,223,104,186,Credit/Debit Card
22,Non-binary,Junior,Engineering,1038,540,4378,791,202,93,184,105,48,254,79,160,Mobile Payment App
24,Female,Junior,Biology,854,501,3269,990,249,198,247,135,27,53,98,67,Mobile Payment App
21,Male,Sophomore,Biology,1415,688,5211,857,254,156,275,148,54,227,119,87,Cash
18,Non-binary,Senior,Economics,1136,434,4522,642,144,121,219,149,80,188,54,146,Mobile Payment App
22,Non-binary,Senior,Computer Science,971,100,3645,979,163,134,50,85,86,267,193,80,Credit/Debit Card
20,Non-binary,Senior,Economics,1115,31,5206,442,332,149,229,116,69,272,103,160,Mobile Payment App
20,Non-binary,Freshman,Biology,523,279,4777,417,256,188,156,105,77,191,137,41,Cash
24,Non-binary,Junior,Psychology,533,815,5620,850,203,166,220,91,34,235,39,138,Credit/Debit Card
19,Female,Sophomore,Psychology,1129,832,3885,691,131,147,218,38,38,292,168,100,Cash
22,Non-binary,Senior,Economics,739,883,3099,900,281,111,108,121,29,161,137,46,Credit/Debit Card
18,Female,Senior,Engineering,1099,423,3690,973,287,98,270,146,100,136,128,129,Mobile Payment App
25,Non-binary,Junior,Psychology,610,148,5414,887,256,57,209,84,76,220,184,104,Mobile Payment App
23,Male,Junior,Biology,1305,642,5566,844,274,120,178,28,28,179,122,73,Credit/Debit Card
23,Female,Freshman,Engineering,1263,744,3369,825,141,117,135,45,39,159,158,114,Cash
23,Female,Freshman,Engineering,656,836,3586,770,172,111,261,78,99,177,145,74,Cash
22,Female,Junior,Economics,975,406,3855,752,249,93,122,125,56,181,103,50,Credit/Debit Card
25,Male,Freshman,Computer Science,1459,996,4957,892,142,51,243,128,83,131,64,35,Mobile Payment App
25,Non-binary,Junior,Biology,1302,115,3265,561,252,88,196,84,27,158,125,121,Mobile Payment App
18,Female,Senior,Computer Science,1115,709,4745,733,262,118,197,97,79,182,32,52,Mobile Payment App
24,Non-binary,Freshman,Engineering,816,658,4614,498,181,103,54,67,68,288,163,141,Mobile Payment App
24,Non-binary,Freshman,Engineering,1358,32,5658,696,136,77,216,70,89,103,90,163,Mobile Payment App
20,Female,Junior,Psychology,1054,87,5634,998,266,170,191,137,100,175,94,81,Cash
24,Non-binary,Freshman,Engineering,1372,208,4545,669,262,76,211,138,83,291,73,109,Credit/Debit Card
24,Non-binary,Sophomore,Engineering,1101,508,3718,423,341,155,291,111,75,263,122,52,Mobile Payment App
23,Male,Junior,Engineering,1258,939,4662,745,250,121,238,101,60,263,34,113,Cash
23,Male,Freshman,Biology,1399,663,4775,612,289,169,116,148,74,239,199,82,Cash
21,Male,Senior,Biology,1469,592,5685,505,272,56,239,23,57,161,107,183,Cash
23,Male,Sophomore,Engineering,560,300,4954,554,100,122,174,109,92,188,68,115,Cash
24,Male,Freshman,Engineering,527,337,5328,462,349,171,288,145,92,241,120,125,Credit/Debit Card
20,Male,Freshman,Biology,1165,282,3264,869,132,91,255,56,37,85,187,61,Mobile Payment App
25,Male,Junior,Computer Science,996,692,4653,765,351,148,243,31,58,74,191,176,Credit/Debit Card
24,Male,Junior,Engineering,630,528,4001,921,377,193,87,142,60,155,51,58,Cash
19,Male,Junior,Engineering,542,205,4638,838,332,67,237,74,80,205,116,175,Mobile Payment App
19,Non-binary,Freshman,Psychology,648,929,4294,696,267,104,215,79,96,286,35,44,Credit/Debit Card
22,Non-binary,Senior,Computer Science,639,699,4625,463,338,80,265,51,80,295,103,137,Credit/Debit Card
18,Non-binary,Sophomore,Engineering,729,665,4464,670,378,122,191,145,94,198,169,101,Cash
19,Male,Junior,Computer Science,1021,473,4614,875,282,57,191,42,40,153,106,157,Mobile Payment App
23,Male,Senior,Economics,1229,794,4968,953,216,85,85,143,37,280,94,185,Credit/Debit Card
21,Male,Junior,Engineering,660,207,5365,547,194,59,112,98,23,229,168,64,Credit/Debit Card
21,Non-binary,Freshman,Computer Science,1343,6,3103,759,238,75,289,107,41,170,89,44,Cash
25,Non-binary,Junior,Computer Science,833,410,4562,525,330,50,245,112,89,132,137,155,Cash
22,Male,Freshman,Computer Science,555,51,5060,534,354,69,64,33,48,76,42,26,Cash
22,Male,Freshman,Engineering,541,94,5373,409,264,79,288,59,43,113,175,33,Credit/Debit Card
22,Non-binary,Senior,Economics,748,296,3962,721,389,71,108,89,93,106,186,170,Credit/Debit Card
21,Female,Sophomore,Engineering,1477,497,4287,851,296,53,95,134,61,143,87,134,Cash
22,Non-binary,Senior,Biology,1236,189,5655,773,175,145,256,122,60,143,118,169,Credit/Debit Card
25,Male,Freshman,Biology,592,657,3801,939,137,127,280,59,75,265,70,85,Cash
25,Female,Senior,Computer Science,558,830,4642,895,349,89,273,45,83,79,122,143,Mobile Payment App
23,Male,Sophomore,Engineering,925,414,4123,776,178,106,268,105,39,201,144,108,Credit/Debit Card
18,Male,Senior,Computer Science,719,498,3780,494,312,149,111,126,73,60,57,169,Mobile Payment App
24,Female,Junior,Engineering,981,875,3266,852,201,167,102,118,72,124,62,110,Credit/Debit Card
25,Non-binary,Senior,Economics,1381,882,3704,464,269,88,257,105,47,106,135,66,Credit/Debit Card
18,Non-binary,Sophomore,Biology,929,126,3357,615,324,73,162,150,58,211,87,77,Cash
24,Male,Junior,Biology,1245,906,5452,459,255,128,95,44,47,288,195,191,Mobile Payment App
20,Female,Junior,Economics,691,340,3798,748,152,53,262,118,91,112,163,71,Mobile Payment App
24,Female,Freshman,Psychology,1326,499,5353,852,129,166,183,91,85,291,54,141,Credit/Debit Card
18,Non-binary,Junior,Psychology,1000,203,5199,559,371,104,144,70,63,102,95,105,Credit/Debit Card
25,Male,Junior,Computer Science,592,662,5221,694,119,93,275,92,58,52,180,160,Credit/Debit Card
22,Male,Senior,Economics,1227,226,3658,951,218,199,238,73,79,112,196,67,Mobile Payment App
20,Female,Sophomore,Engineering,575,534,5231,506,378,66,141,66,75,56,153,99,Cash
19,Female,Junior,Engineering,1298,323,3510,444,222,168,221,98,61,175,133,69,Credit/Debit Card
23,Male,Sophomore,Engineering,1141,482,3621,572,121,184,108,41,55,93,126,86,Cash
25,Male,Senior,Biology,703,654,5926,735,295,100,278,39,80,139,178,190,Credit/Debit Card
23,Female,Freshman,Economics,929,160,3445,418,213,83,159,87,54,55,198,135,Mobile Payment App
23,Non-binary,Junior,Engineering,1415,970,3694,513,148,157,297,104,42,294,154,161,Mobile Payment App
18,Non-binary,Senior,Engineering,1359,387,5747,995,263,193,246,32,23,152,110,120,Credit/Debit Card
23,Male,Freshman,Biology,1162,720,5880,630,259,117,113,127,94,126,89,130,Cash
18,Female,Sophomore,Biology,663,304,5655,632,176,89,215,57,61,51,56,107,Credit/Debit Card
18,Non-binary,Freshman,Economics,1432,9,5568,929,224,108,265,69,22,102,120,151,Credit/Debit Card
20,Non-binary,Freshman,Computer Science,663,823,3637,695,191,147,277,23,73,212,188,179,Mobile Payment App
18,Non-binary,Senior,Economics,1327,109,3975,940,363,153,157,88,98,119,52,20,Credit/Debit Card
22,Male,Senior,Psychology,1045,359,5381,610,269,71,209,49,83,291,168,183,Credit/Debit Card
21,Male,Junior,Computer Science,619,605,3238,793,380,89,87,135,36,209,92,84,Credit/Debit Card
21,Non-binary,Freshman,Economics,815,905,3053,433,355,84,241,89,67,262,141,41,Cash
20,Non-binary,Freshman,Biology,728,399,5128,967,152,139,293,96,39,287,184,157,Cash
21,Male,Senior,Economics,941,831,3687,722,390,135,81,131,69,124,107,38,Mobile Payment App
18,Male,Freshman,Psychology,1176,43,3352,838,211,60,278,121,21,108,87,164,Credit/Debit Card
22,Non-binary,Sophomore,Computer Science,1092,574,3997,731,187,93,151,63,55,96,169,118,Credit/Debit Card
18,Female,Sophomore,Biology,1439,526,3394,896,176,86,134,63,52,150,175,129,Mobile Payment App
22,Male,Senior,Economics,816,616,3461,543,350,101,90,103,24,245,44,150,Credit/Debit Card
18,Male,Junior,Biology,1413,775,4715,457,264,71,250,127,54,152,91,120,Cash
24,Female,Sophomore,Biology,1076,355,4596,464,134,99,167,97,34,77,51,149,Cash
21,Female,Sophomore,Economics,559,169,5303,431,222,103,237,80,56,188,78,176,Credit/Debit Card
23,Male,Sophomore,Engineering,1144,800,3881,405,381,130,179,106,94,216,82,50,Credit/Debit Card
20,Non-binary,Junior,Psychology,1296,113,5452,462,191,69,238,93,51,155,187,102,Credit/Debit Card
24,Male,Senior,Engineering,958,902,4579,425,262,156,72,137,21,282,82,135,Cash
25,Male,Junior,Economics,775,709,4195,680,115,182,84,128,26,106,112,93,Credit/Debit Card
25,Non-binary,Junior,Economics,1483,519,4676,970,145,168,270,23,39,72,106,186,Mobile Payment App
19,Male,Junior,Biology,1304,232,4540,651,184,102,191,148,67,268,45,50,Mobile Payment App
24,Female,Sophomore,Biology,1400,892,4726,749,359,163,294,132,20,208,148,82,Mobile Payment App
24,Non-binary,Freshman,Computer Science,1440,869,5852,759,271,75,187,77,66,295,196,71,Mobile Payment App
22,Female,Freshman,Economics,1460,650,3562,771,311,62,265,53,96,112,37,77,Credit/Debit Card
20,Non-binary,Junior,Biology,1379,714,4758,927,192,119,288,137,59,95,194,33,Credit/Debit Card
18,Female,Junior,Computer Science,942,545,5805,914,108,50,206,24,56,54,188,70,Mobile Payment App
25,Non-binary,Junior,Biology,740,871,4194,473,366,83,156,62,33,86,81,78,Cash
18,Female,Sophomore,Psychology,1186,733,5923,541,291,111,114,42,49,73,166,131,Cash
23,Male,Junior,Biology,731,812,5637,582,148,74,234,27,68,158,81,48,Cash
20,Male,Junior,Economics,1347,735,5563,974,310,98,167,35,43,298,182,37,Cash
19,Female,Freshman,Biology,1085,417,4680,705,159,182,295,132,66,105,185,54,Cash
22,Male,Senior,Biology,665,401,3645,967,151,50,232,118,75,182,181,148,Mobile Payment App
22,Male,Freshman,Economics,1422,674,5030,663,332,148,251,130,61,187,124,117,Cash
24,Male,Freshman,Biology,1366,319,3549,921,389,127,146,44,93,224,151,30,Mobile Payment App
21,Female,Sophomore,Engineering,714,645,3751,853,149,66,184,35,21,219,176,72,Mobile Payment App
25,Male,Freshman,Psychology,1259,139,4943,747,200,94,226,142,39,140,95,65,Credit/Debit Card
19,Female,Senior,Economics,975,939,3256,936,368,179,165,144,89,52,48,120,Mobile Payment App
24,Female,Senior,Engineering,1420,235,3609,841,151,190,175,20,97,57,154,71,Cash
24,Non-binary,Sophomore,Engineering,604,751,3687,554,217,66,188,122,32,169,69,150,Cash
25,Non-binary,Senior,Economics,1250,509,4288,679,125,98,92,120,39,109,146,188,Cash
20,Non-binary,Freshman,Computer Science,567,906,3748,842,375,96,144,112,47,278,173,48,Mobile Payment App
25,Female,Freshman,Computer Science,546,691,5457,978,286,100,237,60,58,206,158,137,Cash
18,Non-binary,Senior,Economics,1169,836,5537,996,334,83,288,78,56,105,166,180,Mobile Payment App
23,Non-binary,Freshman,Economics,834,607,3582,692,350,88,298,150,90,248,51,34,Credit/Debit Card
19,Non-binary,Sophomore,Computer Science,1117,234,3366,940,212,87,121,139,41,298,119,158,Mobile Payment App
25,Male,Freshman,Economics,677,894,5595,841,313,52,219,66,42,92,120,84,Mobile Payment App
20,Non-binary,Freshman,Engineering,1433,964,4777,904,327,77,112,146,71,97,167,117,Cash
20,Female,Freshman,Biology,889,633,3100,524,247,82,201,102,92,103,96,30,Credit/Debit Card
21,Male,Junior,Biology,670,708,5934,649,386,146,182,132,48,175,59,155,Credit/Debit Card
19,Male,Senior,Economics,645,616,4694,904,158,69,148,60,98,114,40,72,Credit/Debit Card
21,Female,Junior,Psychology,1107,971,5997,720,289,124,210,35,51,157,101,168,Mobile Payment App
22,Female,Sophomore,Psychology,750,572,4144,563,104,191,58,22,97,53,41,99,Cash
21,Male,Sophomore,Biology,654,261,3359,802,124,56,57,41,56,111,62,196,Mobile Payment App
20,Male,Freshman,Psychology,1141,57,5734,696,284,83,204,63,46,56,125,55,Cash
22,Female,Sophomore,Biology,811,815,4724,815,300,120,126,22,93,104,119,152,Cash
23,Female,Senior,Engineering,1452,520,3463,822,317,77,148,91,61,166,133,122,Mobile Payment App
20,Non-binary,Junior,Psychology,1255,82,4739,465,400,68,190,24,70,246,132,160,Mobile Payment App
24,Female,Junior,Computer Science,737,266,4964,780,303,111,199,62,94,193,97,57,Credit/Debit Card
25,Male,Freshman,Engineering,1419,253,4089,444,220,148,114,65,29,136,34,35,Credit/Debit Card
23,Non-binary,Freshman,Computer Science,815,76,4461,446,132,165,165,58,99,135,174,111,Cash
25,Male,Senior,Engineering,1034,602,3444,517,238,110,255,86,77,281,150,56,Credit/Debit Card
24,Non-binary,Freshman,Computer Science,1022,626,4797,413,139,167,165,75,57,219,126,43,Mobile Payment App
23,Female,Sophomore,Biology,1341,839,3033,514,300,122,137,40,61,170,65,100,Cash
20,Female,Senior,Engineering,999,919,5819,507,269,119,228,99,49,55,115,53,Mobile Payment App
21,Male,Freshman,Psychology,1218,162,5467,684,280,131,186,103,85,91,89,126,Mobile Payment App
24,Male,Sophomore,Economics,1332,705,3512,796,399,199,79,54,86,206,99,129,Cash
20,Non-binary,Freshman,Biology,903,371,4230,798,319,60,90,101,24,147,70,170,Credit/Debit Card
25,Non-binary,Freshman,Biology,932,887,5307,472,345,61,190,119,69,235,67,40,Mobile Payment App
21,Female,Junior,Biology,634,330,5961,774,334,193,105,83,46,166,200,150,Cash
25,Male,Senior,Biology,553,268,3130,736,140,68,150,99,33,288,51,199,Credit/Debit Card
21,Male,Junior,Economics,547,678,5610,510,192,123,248,57,28,252,141,122,Cash
18,Male,Senior,Computer Science,867,646,3014,944,320,165,232,96,73,298,142,183,Cash
20,Male,Sophomore,Economics,863,844,3088,966,371,66,227,117,32,245,55,83,Mobile Payment App
25,Non-binary,Sophomore,Biology,603,321,4879,420,231,126,248,74,32,172,80,193,Mobile Payment App
21,Female,Junior,Computer Science,1480,555,3534,799,259,100,254,93,66,279,191,55,Credit/Debit Card
18,Male,Freshman,Engineering,522,448,3744,706,174,80,284,90,61,228,66,181,Mobile Payment App
22,Female,Junior,Biology,1376,510,3318,460,132,159,59,88,38,87,88,76,Cash
22,Non-binary,Junior,Computer Science,1195,988,5729,455,115,117,74,129,93,154,155,190,Credit/Debit Card
24,Non-binary,Freshman,Psychology,1223,785,3521,821,128,50,135,96,67,182,139,196,Credit/Debit Card
21,Female,Junior,Computer Science,613,524,3640,834,219,57,71,89,39,241,66,93,Cash
25,Non-binary,Sophomore,Engineering,844,766,4017,840,179,189,230,128,74,157,38,131,Mobile Payment App
24,Female,Junior,Computer Science,620,192,4213,726,332,144,289,92,24,195,135,127,Cash
22,Male,Freshman,Psychology,983,944,4216,978,114,103,58,123,72,114,76,63,Credit/Debit Card
25,Male,Sophomore,Biology,996,250,5975,520,317,121,115,47,89,241,45,81,Mobile Payment App
18,Male,Junior,Engineering,1106,794,3075,881,165,166,260,23,32,135,49,34,Cash
23,Non-binary,Senior,Engineering,1032,809,4359,987,364,176,67,74,52,56,166,67,Credit/Debit Card
20,Female,Senior,Biology,1419,991,4647,648,261,151,78,55,31,222,135,72,Credit/Debit Card
22,Male,Sophomore,Economics,610,100,5142,473,298,164,139,45,67,77,32,113,Cash
19,Female,Junior,Economics,1449,599,4790,885,109,57,293,70,90,267,164,33,Cash
25,Male,Senior,Engineering,1270,504,3467,484,286,132,291,138,48,155,162,41,Credit/Debit Card
18,Non-binary,Freshman,Computer Science,770,637,5055,814,273,55,140,134,61,131,128,39,Mobile Payment App
25,Non-binary,Sophomore,Psychology,911,929,4595,578,338,122,165,25,87,275,176,94,Credit/Debit Card
18,Female,Junior,Biology,1303,299,5031,701,242,183,249,103,79,107,74,52,Credit/Debit Card
19,Non-binary,Junior,Engineering,1367,688,3603,452,372,162,177,29,66,243,30,155,Credit/Debit Card
25,Non-binary,Sophomore,Computer Science,509,664,3449,779,243,153,281,108,52,70,145,192,Credit/Debit Card
22,Male,Junior,Engineering,804,582,5299,892,153,173,199,32,84,289,126,46,Cash
23,Female,Freshman,Computer Science,1268,271,5323,898,204,187,215,113,81,212,111,57,Credit/Debit Card
22,Non-binary,Junior,Engineering,1492,82,3720,823,277,186,275,141,61,167,65,34,Cash
23,Non-binary,Senior,Biology,1402,461,3827,904,321,138,147,114,33,198,188,179,Cash
24,Non-binary,Junior,Psychology,673,606,4035,818,355,103,257,35,47,56,149,48,Credit/Debit Card
22,Female,Sophomore,Biology,1174,962,4894,426,329,191,175,29,34,113,156,171,Cash
20,Female,Freshman,Biology,635,827,4125,969,194,196,228,81,68,120,112,185,Credit/Debit Card
23,Male,Sophomore,Engineering,792,584,4401,631,224,100,72,73,28,98,101,140,Credit/Debit Card
22,Non-binary,Sophomore,Biology,998,928,3199,565,151,71,270,78,98,291,124,125,Mobile Payment App
21,Non-binary,Junior,Biology,866,581,5775,773,267,100,252,32,26,97,42,82,Credit/Debit Card
23,Non-binary,Sophomore,Biology,1408,566,3714,905,223,168,262,124,31,123,58,189,Cash
25,Non-binary,Freshman,Biology,732,103,3335,742,395,154,245,130,73,178,100,80,Credit/Debit Card
18,Non-binary,Junior,Engineering,1107,511,5507,738,144,131,213,53,38,156,137,47,Cash
24,Female,Freshman,Engineering,1165,68,4126,859,333,196,124,109,49,185,179,29,Cash
19,Female,Freshman,Computer Science,1316,867,4432,627,110,185,226,25,34,90,190,135,Credit/Debit Card
21,Non-binary,Junior,Psychology,1471,280,4104,862,312,180,241,70,90,84,182,121,Cash
18,Non-binary,Sophomore,Psychology,536,557,3744,498,375,128,185,63,97,298,45,36,Cash
21,Male,Sophomore,Economics,1045,542,4154,937,157,164,246,25,29,99,46,77,Credit/Debit Card
24,Non-binary,Junior,Biology,609,389,4329,934,393,68,77,33,96,235,48,186,Mobile Payment App
20,Male,Senior,Psychology,581,964,4975,775,106,86,84,22,68,84,39,172,Mobile Payment App
20,Female,Sophomore,Biology,1106,212,3376,461,130,175,231,135,37,59,197,168,Credit/Debit Card
22,Non-binary,Freshman,Psychology,1316,710,3548,682,382,69,268,62,95,251,118,22,Credit/Debit Card
19,Non-binary,Senior,Computer Science,574,103,5976,605,372,82,296,39,42,287,153,133,Credit/Debit Card
19,Male,Sophomore,Biology,1115,12,3779,482,306,161,281,150,76,265,170,193,Mobile Payment App
25,Male,Sophomore,Engineering,1257,45,3653,809,373,147,246,78,36,275,158,197,Credit/Debit Card
23,Male,Junior,Economics,1069,130,5452,503,218,83,93,72,65,170,89,144,Cash
22,Non-binary,Junior,Biology,757,471,3362,719,359,69,253,145,48,159,63,79,Credit/Debit Card
21,Non-binary,Sophomore,Psychology,794,166,3624,908,371,73,222,103,41,283,152,109,Cash
22,Male,Freshman,Computer Science,1139,845,4743,893,356,126,255,20,65,62,195,25,Credit/Debit Card
23,Non-binary,Sophomore,Engineering,598,125,5824,413,278,130,91,88,60,152,82,27,Cash
21,Female,Freshman,Economics,514,402,4642,494,395,92,56,104,66,98,131,135,Mobile Payment App
23,Male,Freshman,Psychology,1479,418,3501,960,344,103,239,63,95,146,31,185,Mobile Payment App
24,Non-binary,Junior,Biology,633,361,4634,685,252,128,268,107,74,139,190,23,Credit/Debit Card
25,Non-binary,Senior,Biology,1437,150,4770,941,286,104,274,100,21,199,136,188,Credit/Debit Card
22,Male,Sophomore,Biology,1135,279,4825,793,370,115,87,93,36,102,111,41,Credit/Debit Card
21,Female,Junior,Engineering,1433,11,4125,832,313,123,187,134,62,61,200,102,Cash
20,Female,Senior,Computer Science,824,93,3471,538,249,127,224,72,76,90,169,183,Credit/Debit Card
24,Male,Junior,Psychology,967,288,4629,958,284,107,256,129,85,172,46,45,Mobile Payment App
25,Male,Sophomore,Economics,1126,708,3830,405,343,159,226,98,24,197,162,160,Mobile Payment App
21,Female,Sophomore,Psychology,885,513,5497,832,136,66,241,123,66,256,137,53,Credit/Debit Card
25,Non-binary,Sophomore,Psychology,525,984,4547,670,359,148,192,38,56,162,31,86,Credit/Debit Card
20,Male,Senior,Psychology,1009,14,4309,699,262,117,136,24,67,113,93,45,Mobile Payment App
18,Non-binary,Senior,Psychology,1478,46,5450,957,360,77,112,22,50,265,183,92,Mobile Payment App
19,Male,Sophomore,Computer Science,547,365,3465,645,316,58,186,120,54,196,135,119,Mobile Payment App
22,Female,Freshman,Psychology,549,410,4796,749,304,167,82,142,100,271,169,153,Credit/Debit Card
25,Female,Junior,Engineering,1326,611,5451,734,205,91,73,95,71,217,126,140,Mobile Payment App
21,Male,Junior,Psychology,761,9,4836,594,375,53,256,55,41,50,126,35,Cash
25,Non-binary,Senior,Computer Science,1344,494,5885,809,233,167,171,83,60,94,61,154,Cash
22,Male,Junior,Biology,895,885,5489,456,343,157,177,123,75,77,156,139,Credit/Debit Card
23,Non-binary,Junior,Economics,1036,811,4911,437,398,134,299,69,55,156,35,123,Mobile Payment App
22,Non-binary,Senior,Computer Science,664,538,3008,417,236,75,136,131,60,243,156,116,Credit/Debit Card
22,Non-binary,Senior,Computer Science,1403,789,5886,962,163,129,149,35,92,251,166,114,Cash
23,Male,Senior,Engineering,1094,360,4651,622,242,90,98,103,77,138,111,190,Cash
24,Female,Sophomore,Computer Science,789,413,3482,835,206,128,153,137,77,115,67,135,Mobile Payment App
25,Non-binary,Sophomore,Biology,587,756,5035,797,291,171,283,89,26,238,74,119,Cash
23,Male,Junior,Biology,509,395,3729,607,326,156,251,138,45,204,30,59,Mobile Payment App
19,Male,Junior,Computer Science,1382,935,4650,853,203,180,230,33,55,297,43,122,Credit/Debit Card
25,Non-binary,Senior,Engineering,1301,757,3811,664,121,115,239,126,48,121,172,114,Mobile Payment App
23,Non-binary,Senior,Engineering,777,53,4935,505,268,181,194,79,60,71,54,65,Mobile Payment App
19,Male,Sophomore,Psychology,505,646,4935,688,129,143,112,130,89,209,197,81,Cash
24,Female,Junior,Engineering,866,796,4865,756,274,181,260,141,47,237,125,67,Cash
19,Male,Freshman,Biology,1329,127,3321,836,277,92,108,27,67,251,87,87,Mobile Payment App
20,Non-binary,Freshman,Economics,1372,297,4227,505,142,144,264,20,64,195,34,74,Cash
24,Male,Junior,Economics,1004,883,5084,773,335,118,297,83,88,100,133,159,Credit/Debit Card
23,Non-binary,Freshman,Biology,1415,153,4526,880,111,167,171,90,78,205,113,125,Cash
20,Female,Junior,Psychology,639,13,4097,780,226,120,86,56,23,75,147,143,Mobile Payment App
19,Male,Sophomore,Economics,1397,854,3186,552,258,123,127,61,21,127,71,186,Credit/Debit Card
18,Female,Freshman,Economics,935,918,3901,724,128,122,56,39,53,152,108,134,Mobile Payment App
18,Non-binary,Senior,Computer Science,882,524,4983,502,196,153,63,131,80,274,140,86,Credit/Debit Card
20,Female,Freshman,Psychology,1398,912,4709,864,267,181,165,149,62,64,92,194,Mobile Payment App
24,Non-binary,Sophomore,Biology,1461,403,3664,519,137,127,286,115,29,84,121,127,Cash
24,Male,Senior,Engineering,1430,928,4968,682,336,89,135,76,66,289,82,95,Mobile Payment App
22,Non-binary,Junior,Biology,953,925,5135,924,148,56,61,33,70,156,126,33,Credit/Debit Card
19,Male,Junior,Psychology,1456,803,3431,636,136,177,131,112,28,249,116,128,Mobile Payment App
22,Female,Junior,Computer Science,892,563,5529,437,230,85,57,49,27,151,44,199,Credit/Debit Card
20,Non-binary,Sophomore,Psychology,539,494,4349,450,398,107,215,51,52,89,191,158,Mobile Payment App
25,Non-binary,Junior,Economics,1024,756,4532,798,328,112,159,69,24,275,31,87,Cash
22,Female,Senior,Biology,1405,544,5276,782,281,52,67,69,77,270,141,196,Mobile Payment App
21,Male,Sophomore,Biology,691,710,3636,478,342,58,136,65,75,277,170,136,Credit/Debit Card
19,Female,Junior,Biology,1157,333,3509,987,281,77,170,27,87,151,108,68,Mobile Payment App
21,Non-binary,Junior,Computer Science,555,980,5657,707,302,195,207,141,91,126,180,67,Credit/Debit Card
25,Non-binary,Senior,Biology,1245,803,4743,899,285,99,193,106,76,270,200,58,Credit/Debit Card
25,Male,Senior,Biology,1227,408,5607,759,365,137,247,97,56,162,136,173,Credit/Debit Card
18,Female,Freshman,Biology,825,403,5204,401,293,75,268,24,36,105,197,125,Mobile Payment App
18,Female,Freshman,Economics,1359,468,3900,401,283,190,183,60,78,153,64,195,Credit/Debit Card
22,Male,Junior,Economics,556,317,4429,834,166,130,174,86,46,222,33,145,Mobile Payment App
20,Non-binary,Sophomore,Biology,1110,400,5325,586,400,62,120,54,30,294,125,167,Mobile Payment App
21,Non-binary,Sophomore,Engineering,518,565,4940,783,157,97,129,122,20,71,175,115,Mobile Payment App
19,Male,Senior,Engineering,932,611,4386,833,159,84,184,63,80,223,73,179,Mobile Payment App
22,Female,Senior,Computer Science,683,651,5671,866,101,155,274,131,81,183,49,21,Mobile Payment App
24,Male,Sophomore,Economics,1397,375,5325,637,139,83,217,55,48,293,195,71,Cash
24,Non-binary,Freshman,Biology,1201,441,4212,864,140,83,97,85,89,90,115,141,Credit/Debit Card
22,Non-binary,Junior,Psychology,1402,519,3124,886,381,193,120,64,68,153,151,118,Mobile Payment App
25,Male,Senior,Economics,844,18,5452,910,220,71,109,75,91,244,105,123,Credit/Debit Card
19,Female,Senior,Biology,1366,142,5925,614,304,163,240,127,83,108,163,152,Credit/Debit Card
19,Male,Senior,Biology,923,734,4576,519,383,110,255,36,31,225,126,123,Credit/Debit Card
21,Non-binary,Freshman,Biology,542,905,3434,987,297,160,189,150,26,286,185,86,Cash
23,Female,Junior,Biology,1130,49,4833,415,100,160,262,98,32,99,117,149,Credit/Debit Card
23,Non-binary,Junior,Biology,848,420,4663,950,173,167,101,108,29,54,159,128,Mobile Payment App
19,Female,Junior,Engineering,1022,227,4305,982,296,73,252,149,79,206,152,162,Cash
23,Non-binary,Junior,Economics,1189,980,4230,607,190,52,250,140,63,190,125,186,Credit/Debit Card
18,Female,Sophomore,Economics,771,45,3719,821,189,173,295,60,38,258,107,187,Mobile Payment App
25,Non-binary,Sophomore,Computer Science,1280,483,5743,678,206,54,82,49,85,256,187,29,Credit/Debit Card
21,Male,Senior,Biology,933,988,4414,731,298,123,273,22,20,147,41,128,Cash
24,Female,Sophomore,Computer Science,1257,795,5913,480,120,107,300,34,46,219,193,195,Mobile Payment App
24,Female,Junior,Computer Science,1313,818,3335,845,363,190,212,69,37,103,186,79,Cash
21,Male,Senior,Engineering,1034,927,4084,758,330,179,136,149,63,242,190,36,Mobile Payment App
19,Male,Sophomore,Psychology,669,153,5509,741,335,78,170,69,68,296,73,166,Mobile Payment App
19,Non-binary,Senior,Computer Science,728,814,3380,970,183,178,139,29,63,193,64,175,Mobile Payment App
18,Male,Sophomore,Economics,569,513,5429,730,375,118,195,96,27,280,65,136,Mobile Payment App
19,Male,Freshman,Engineering,960,179,5253,671,161,128,273,40,89,233,163,172,Cash
18,Male,Freshman,Computer Science,1288,879,3829,982,191,65,86,107,80,97,137,134,Cash
22,Female,Freshman,Engineering,556,904,3548,689,105,145,165,133,71,110,183,98,Cash
23,Male,Senior,Engineering,1413,80,5976,836,386,194,266,29,99,213,109,158,Cash
25,Non-binary,Senior,Biology,957,114,4956,923,326,150,199,49,88,246,118,78,Cash
24,Non-binary,Freshman,Engineering,1084,582,3305,520,353,89,279,20,68,173,151,128,Mobile Payment App
22,Male,Freshman,Psychology,1270,546,4425,559,304,160,79,95,99,191,70,189,Mobile Payment App
24,Female,Sophomore,Computer Science,845,484,5594,793,130,51,153,77,47,89,151,63,Mobile Payment App
21,Female,Freshman,Economics,1423,298,4484,439,312,157,118,56,43,235,188,129,Cash
19,Male,Sophomore,Engineering,683,614,4718,643,132,186,83,31,68,85,181,96,Cash
21,Non-binary,Freshman,Psychology,1309,561,5639,973,303,197,117,37,64,101,37,142,Mobile Payment App
25,Male,Senior,Economics,888,218,4433,806,166,121,75,148,69,120,128,71,Credit/Debit Card
24,Male,Sophomore,Psychology,1496,522,4678,640,212,140,200,22,69,98,162,70,Credit/Debit Card
25,Male,Junior,Economics,965,465,4599,737,291,88,70,70,34,170,195,64,Cash
20,Female,Junior,Biology,1329,533,3509,826,234,131,262,142,30,157,141,40,Cash
21,Female,Sophomore,Engineering,1021,789,5681,844,235,99,167,115,53,127,131,190,Mobile Payment App
18,Male,Freshman,Biology,501,422,5257,612,149,142,72,58,36,230,73,44,Mobile Payment App
21,Female,Sophomore,Engineering,1223,302,3930,801,128,157,242,135,36,226,193,52,Mobile Payment App
19,Male,Senior,Psychology,1495,1000,5857,980,228,126,82,39,72,144,78,190,Cash
25,Male,Sophomore,Engineering,862,674,5473,575,338,54,264,39,60,262,180,196,Cash
25,Male,Senior,Economics,1037,844,4320,894,393,176,280,73,21,241,44,196,Credit/Debit Card
19,Male,Freshman,Engineering,505,293,5861,835,387,181,250,93,91,113,81,171,Cash
24,Female,Senior,Psychology,1193,397,4234,761,120,75,92,104,28,216,101,116,Credit/Debit Card
18,Non-binary,Sophomore,Psychology,1452,683,3275,586,327,65,176,32,40,205,160,58,Credit/Debit Card
24,Non-binary,Sophomore,Psychology,1422,860,4913,892,149,115,159,133,90,227,92,147,Cash
25,Male,Sophomore,Biology,717,197,5618,696,354,105,102,26,95,300,110,78,Cash
24,Female,Junior,Economics,1333,538,5187,467,237,183,192,114,79,248,95,41,Credit/Debit Card
24,Female,Sophomore,Psychology,978,974,4420,642,241,146,183,30,76,130,79,21,Cash
25,Male,Freshman,Biology,1141,362,3197,926,397,121,150,122,69,258,173,120,Mobile Payment App
22,Male,Sophomore,Biology,1399,611,4995,678,220,93,84,144,49,200,189,90,Mobile Payment App
24,Male,Freshman,Psychology,1200,341,4547,778,330,51,129,24,75,238,192,153,Cash
21,Non-binary,Sophomore,Economics,1053,64,4305,444,142,139,280,34,56,176,38,147,Mobile Payment App
25,Non-binary,Junior,Biology,1118,584,4423,592,126,149,134,74,48,109,114,131,Cash
21,Male,Junior,Biology,1094,321,3758,741,137,172,50,147,96,134,192,56,Mobile Payment App
21,Non-binary,Freshman,Psychology,1252,226,4206,530,245,126,69,147,52,64,183,24,Credit/Debit Card
18,Male,Junior,Psychology,686,252,5848,720,238,191,265,39,58,104,142,82,Mobile Payment App
18,Male,Junior,Economics,513,123,5909,807,168,161,181,48,26,124,46,58,Cash
25,Male,Junior,Biology,1174,75,4909,799,149,163,151,138,30,298,115,43,Cash
24,Non-binary,Freshman,Psychology,1224,235,4645,913,209,101,77,85,97,78,80,111,Cash
23,Non-binary,Junior,Biology,975,211,3952,769,131,134,283,65,91,127,151,79,Credit/Debit Card
18,Male,Sophomore,Engineering,1435,950,3626,842,221,139,87,136,68,54,129,54,Mobile Payment App
22,Male,Senior,Engineering,894,27,4496,718,373,144,254,139,82,286,134,198,Credit/Debit Card
21,Non-binary,Junior,Economics,1168,81,5292,637,175,196,193,52,90,217,48,178,Cash
25,Male,Freshman,Computer Science,1482,92,3987,540,194,125,193,143,78,268,63,199,Credit/Debit Card
19,Non-binary,Sophomore,Psychology,1385,249,5745,452,399,170,71,145,37,231,114,154,Mobile Payment App
20,Male,Sophomore,Computer Science,1476,832,5745,808,225,73,251,22,95,123,78,178,Mobile Payment App
22,Female,Senior,Economics,812,101,4840,777,195,87,51,71,48,162,188,58,Mobile Payment App
18,Male,Freshman,Psychology,1191,611,3373,673,327,62,164,133,26,229,107,152,Cash
20,Male,Senior,Economics,1440,1000,3823,525,135,142,131,34,27,90,200,122,Cash
24,Female,Sophomore,Biology,1447,246,4038,406,235,113,98,113,50,71,37,33,Credit/Debit Card
21,Female,Freshman,Computer Science,1030,357,4883,806,100,99,87,46,38,155,169,91,Mobile Payment App
23,Female,Senior,Engineering,1034,202,5347,558,381,116,271,67,44,228,124,184,Credit/Debit Card
20,Female,Junior,Economics,1406,10,3674,967,303,94,286,61,61,121,181,62,Mobile Payment App
21,Non-binary,Senior,Biology,1086,38,3425,605,381,53,171,129,24,165,136,67,Credit/Debit Card
25,Female,Sophomore,Psychology,1334,320,4772,794,204,129,160,139,37,228,106,67,Mobile Payment App
25,Female,Senior,Engineering,507,474,4996,750,181,107,156,79,27,122,39,87,Cash
21,Male,Senior,Engineering,1483,892,4014,458,400,90,217,134,50,142,60,42,Mobile Payment App
20,Non-binary,Sophomore,Economics,888,228,3253,539,207,182,241,71,41,254,125,48,Credit/Debit Card
23,Non-binary,Freshman,Economics,1204,815,4350,871,166,120,275,87,77,237,85,21,Credit/Debit Card
23,Male,Junior,Economics,1047,207,5892,667,161,197,255,53,96,168,105,168,Cash
21,Male,Freshman,Psychology,1279,900,5478,815,336,136,154,145,81,236,108,186,Credit/Debit Card
19,Female,Sophomore,Economics,613,543,5947,622,309,99,151,94,36,83,199,141,Mobile Payment App
18,Male,Senior,Computer Science,1280,550,4843,500,112,99,119,67,70,141,97,109,Credit/Debit Card
25,Male,Sophomore,Economics,696,976,5246,475,258,162,87,67,68,232,72,132,Mobile Payment App
20,Female,Senior,Economics,1191,315,4490,476,270,152,169,129,100,75,193,157,Credit/Debit Card
24,Female,Freshman,Biology,1287,239,3301,493,252,98,246,36,70,282,134,114,Mobile Payment App
23,Female,Junior,Engineering,1391,362,4261,697,269,108,105,145,43,100,39,144,Cash
23,Non-binary,Sophomore,Economics,1345,291,4809,686,173,132,229,115,40,207,63,57,Credit/Debit Card
19,Non-binary,Junior,Computer Science,1344,825,3106,563,333,142,129,111,47,96,94,153,Cash
23,Non-binary,Junior,Economics,779,708,3808,876,391,94,298,34,34,192,87,107,Mobile Payment App
23,Female,Senior,Economics,1123,490,5507,932,370,141,233,91,61,258,139,187,Mobile Payment App
22,Male,Senior,Economics,1038,686,4766,929,366,133,70,93,90,74,118,106,Credit/Debit Card
22,Female,Senior,Computer Science,595,995,3971,572,111,79,291,24,71,244,61,198,Mobile Payment App
25,Non-binary,Freshman,Engineering,1345,295,4585,621,285,101,270,115,55,211,55,107,Cash
19,Non-binary,Junior,Computer Science,534,546,4102,520,371,196,106,75,56,239,45,122,Cash
24,Non-binary,Senior,Computer Science,1176,326,4890,837,245,93,134,78,81,54,107,40,Cash
20,Non-binary,Sophomore,Biology,836,105,5807,419,243,149,89,72,52,71,74,143,Mobile Payment App
18,Female,Freshman,Biology,1047,15,4342,620,359,195,212,63,94,193,141,48,Credit/Debit Card
24,Female,Sophomore,Engineering,865,907,5189,936,161,115,284,61,100,234,129,163,Mobile Payment App
18,Non-binary,Junior,Psychology,1148,565,3353,613,218,159,271,92,67,235,122,186,Credit/Debit Card
21,Female,Senior,Engineering,696,715,5238,710,195,133,98,54,66,294,41,197,Credit/Debit Card
19,Female,Freshman,Economics,778,741,5664,558,398,171,183,71,52,148,83,138,Credit/Debit Card
22,Non-binary,Senior,Psychology,1140,598,5623,665,278,183,236,110,22,238,194,22,Credit/Debit Card
22,Female,Sophomore,Computer Science,557,351,3510,857,112,158,269,40,78,267,31,146,Cash
24,Male,Sophomore,Computer Science,948,741,5923,954,265,181,81,59,71,216,157,33,Mobile Payment App
24,Female,Freshman,Engineering,1249,574,4477,653,111,182,112,92,84,241,112,196,Mobile Payment App
24,Non-binary,Sophomore,Economics,1092,988,4819,768,240,158,109,111,33,236,137,58,Credit/Debit Card
20,Female,Junior,Computer Science,717,958,5667,447,304,194,95,71,49,193,94,103,Mobile Payment App
19,Female,Sophomore,Computer Science,857,615,3851,487,255,95,287,31,46,299,93,74,Cash
18,Non-binary,Senior,Biology,1021,581,4690,502,222,161,98,80,73,56,188,85,Credit/Debit Card
22,Female,Sophomore,Psychology,1056,669,5378,596,278,179,223,47,87,135,55,51,Mobile Payment App
25,Male,Freshman,Economics,758,387,4974,534,101,76,62,65,27,120,160,26,Credit/Debit Card
21,Non-binary,Freshman,Economics,653,639,5045,496,336,84,236,115,34,220,169,125,Cash
21,Male,Sophomore,Computer Science,643,218,4138,793,271,182,52,55,99,79,45,91,Credit/Debit Card
25,Male,Freshman,Engineering,668,893,3446,653,347,88,276,73,95,73,152,35,Cash
25,Female,Sophomore,Psychology,645,79,3830,940,249,63,69,61,40,74,76,75,Mobile Payment App
20,Female,Senior,Psychology,1020,522,3874,408,150,162,168,129,98,255,138,174,Credit/Debit Card
20,Non-binary,Junior,Computer Science,1128,458,5302,602,270,65,299,143,58,218,138,142,Cash
22,Male,Senior,Economics,1186,650,4387,798,139,59,160,109,21,275,119,32,Mobile Payment App
23,Female,Senior,Psychology,528,573,4286,889,209,136,149,105,80,151,46,73,Mobile Payment App
25,Male,Senior,Computer Science,774,799,4397,629,163,75,183,39,33,54,136,125,Cash
22,Male,Senior,Economics,1236,255,3954,600,274,115,84,55,23,297,31,39,Credit/Debit Card
24,Non-binary,Sophomore,Biology,938,612,3797,928,190,65,79,111,45,196,113,171,Mobile Payment App
22,Non-binary,Senior,Computer Science,1169,588,4110,508,104,159,242,30,78,105,163,195,Mobile Payment App
25,Male,Freshman,Computer Science,1061,333,5826,949,250,138,158,57,20,265,193,103,Mobile Payment App
24,Non-binary,Sophomore,Economics,514,158,3039,506,361,84,158,132,49,104,159,99,Cash
19,Male,Junior,Engineering,1015,493,5435,827,369,147,121,87,49,289,121,74,Mobile Payment App
18,Male,Junior,Computer Science,743,104,3493,726,223,105,96,73,37,275,158,75,Mobile Payment App
21,Male,Sophomore,Engineering,913,70,4183,714,268,88,198,87,31,69,39,177,Cash
24,Non-binary,Junior,Engineering,1142,946,4748,867,264,166,125,99,69,287,84,135,Credit/Debit Card
25,Female,Senior,Psychology,868,670,3274,443,308,120,61,70,96,86,199,127,Mobile Payment App
19,Non-binary,Sophomore,Engineering,1464,17,3939,490,357,87,131,97,67,168,87,135,Credit/Debit Card
21,Female,Senior,Psychology,1260,617,4060,799,244,62,193,107,62,285,180,130,Cash
19,Male,Junior,Computer Science,1326,817,5451,453,172,87,62,112,70,220,93,32,Cash
18,Female,Senior,Computer Science,1219,671,4152,700,335,152,296,98,86,77,82,27,Cash
19,Non-binary,Freshman,Computer Science,1038,823,5211,576,207,92,263,54,26,270,123,165,Credit/Debit Card
25,Male,Junior,Biology,1418,510,3832,976,370,117,218,89,89,283,185,60,Mobile Payment App
18,Female,Junior,Engineering,1385,13,4384,678,253,119,76,113,50,229,74,169,Mobile Payment App
23,Female,Freshman,Computer Science,553,118,5030,960,304,135,212,105,54,147,118,183,Mobile Payment App
20,Male,Senior,Economics,1013,227,4119,805,366,62,191,135,60,84,151,172,Mobile Payment App
18,Non-binary,Senior,Engineering,1019,589,5357,828,247,65,112,58,92,170,30,126,Mobile Payment App
24,Non-binary,Junior,Computer Science,669,7,4461,828,266,59,60,129,27,131,75,165,Credit/Debit Card
19,Female,Freshman,Computer Science,933,698,4156,780,371,80,235,84,82,269,50,170,Mobile Payment App
20,Female,Junior,Psychology,1166,671,3244,528,164,117,238,127,56,243,84,108,Cash
25,Non-binary,Freshman,Economics,1197,652,4424,637,248,186,186,82,58,254,116,27,Mobile Payment App
19,Female,Senior,Biology,973,695,4709,555,114,93,190,121,70,190,129,178,Cash
23,Female,Junior,Computer Science,1381,696,4387,646,171,142,97,109,83,216,88,190,Cash
22,Male,Junior,Psychology,1082,221,4524,533,276,131,242,109,21,217,49,182,Credit/Debit Card
23,Male,Senior,Engineering,1160,168,3395,810,105,182,51,26,64,279,74,105,Cash
22,Female,Junior,Computer Science,1011,753,3523,475,392,187,298,99,73,125,93,31,Cash
20,Non-binary,Senior,Psychology,1412,155,5576,443,305,119,136,120,41,290,30,91,Mobile Payment App
24,Non-binary,Junior,Psychology,1391,259,3572,755,136,55,86,62,66,187,153,23,Cash
20,Male,Freshman,Economics,1293,672,5635,435,389,192,87,23,64,67,77,137,Credit/Debit Card
20,Male,Freshman,Psychology,1380,594,3658,739,277,187,92,144,69,283,68,21,Mobile Payment App
22,Male,Senior,Psychology,764,286,5430,589,387,61,68,46,96,86,46,85,Mobile Payment App
22,Female,Senior,Biology,1346,520,3688,969,152,194,151,42,38,252,65,163,Cash
19,Female,Senior,Biology,1407,560,3380,508,265,52,206,40,98,274,84,135,Mobile Payment App
20,Male,Junior,Economics,957,393,3497,723,339,139,69,112,46,284,57,28,Mobile Payment App
22,Non-binary,Senior,Economics,1174,612,3649,543,237,123,200,129,90,190,101,65,Mobile Payment App
24,Non-binary,Sophomore,Computer Science,541,640,5965,609,270,191,215,139,43,281,88,145,Cash
